symbol,company_name,sector,industry,exchange
AGROPHOS.NS,Agro Phos (India) Limited,Basic Materials,Agricultural Inputs,NSE
ARIES.NS,Aries Agro Limited,Basic Materials,Agricultural Inputs,NSE
ASTEC.NS,Astec LifeSciences Limited,Basic Materials,Agricultural Inputs,NSE
BABAFP.NS,Baba Food Processing (India) Ltd.,Basic Materials,Agricultural Inputs,NSE
BAYERCROP.NS,Bayer CropScience Limited,Basic Materials,Agricultural Inputs,NSE
BESTAGRO.NS,Best Agrolife Limited,Basic Materials,Agricultural Inputs,NSE
BHAGCHEM.NS,Bhagiradha Chemicals & Industries Limited,Basic Materials,Agricultural Inputs,NSE
BHARATRAS.NS,Bharat Rasayan Limited,Basic Materials,Agricultural Inputs,NSE
BOHRAIND.NS,Bohra Industries Limited,Basic Materials,Agricultural Inputs,NSE
BSHSL.NS,Bombay Super Hybrid Seeds Limited,Basic Materials,Agricultural Inputs,NSE
CHAMBLFERT.NS,Chambal Fertilisers and Chemicals Limited,Basic Materials,Agricultural Inputs,NSE
CLSL.NS,Crop Life Science Ltd.,Basic Materials,Agricultural Inputs,NSE
COROMANDEL.NS,Coromandel International Limited,Basic Materials,Agricultural Inputs,NSE
DHANUKA.NS,Dhanuka Agritech Limited,Basic Materials,Agricultural Inputs,NSE
DHARMAJ.NS,Dharmaj Crop Guard Limited,Basic Materials,Agricultural Inputs,NSE
DOLLEX.NS,Dollex Agrotech Ltd.,Basic Materials,Agricultural Inputs,NSE
EIDPARRY.NS,E.I.D.- Parry (India) Limited,Basic Materials,Agricultural Inputs,NSE
EQUIPPP.NS,Equippp Social Impact Technologies Limited,Basic Materials,Agricultural Inputs,NSE
FACT.NS,The Fertilisers And Chemicals Travancore Limited,Basic Materials,Agricultural Inputs,NSE
GSFC.NS,Gujarat State Fertilizers & Chemicals Limited,Basic Materials,Agricultural Inputs,NSE
HERANBA.NS,Heranba Industries Limited,Basic Materials,Agricultural Inputs,NSE
HOACFOODS.NS,Hoac Foods India Ltd.,Basic Materials,Agricultural Inputs,NSE
IGCL.NS,Indogulf Cropsciences Ltd.,Basic Materials,Agricultural Inputs,NSE
INDOUS.NS,Indo Us Bio-Tech Ltd.,Basic Materials,Agricultural Inputs,NSE
INSECTICID.NS,Insecticides (India) Limited,Basic Materials,Agricultural Inputs,NSE
IPL.NS,India Pesticides Limited,Basic Materials,Agricultural Inputs,NSE
KCK.NS,Kck Industries Ltd.,Basic Materials,Agricultural Inputs,NSE
KHAICHEM.NS,Khaitan Chemicals and Fertilizers Limited,Basic Materials,Agricultural Inputs,NSE
KNAGRI.NS,KN Agri Resources Ltd.,Basic Materials,Agricultural Inputs,NSE
KRISHANA.NS,Krishana Phoschem Limited,Basic Materials,Agricultural Inputs,NSE
KSCL.NS,Kaveri Seed Company Limited,Basic Materials,Agricultural Inputs,NSE
MADRASFERT.NS,Madras Fertilizers Limited,Basic Materials,Agricultural Inputs,NSE
MBAPL.NS,Madhya Bharat Agro Products Limited,Basic Materials,Agricultural Inputs,NSE
MOL.NS,Meghmani Organics Limited,Basic Materials,Agricultural Inputs,NSE
NACLIND.NS,NACL Industries Limited,Basic Materials,Agricultural Inputs,NSE
NAGAFERT.NS,Nagarjuna Fertilizers and Chemicals Limited,Basic Materials,Agricultural Inputs,NSE
NARMADA.NS,Narmada Agrobase Limited,Basic Materials,Agricultural Inputs,NSE
NATHBIOGEN.NS,Nath Bio-Genes (India) Limited,Basic Materials,Agricultural Inputs,NSE
NFL.NS,National Fertilizers Limited,Basic Materials,Agricultural Inputs,NSE
NIRMAN.NS,Nirman Agri Genetics Ltd.,Basic Materials,Agricultural Inputs,NSE
NOVAAGRI.NS,Nova Agritech Limited,Basic Materials,Agricultural Inputs,NSE
OSWALSEEDS.NS,ShreeOswal Seeds and Chemicals Limited,Basic Materials,Agricultural Inputs,NSE
PARADEEP.NS,Paradeep Phosphates Limited,Basic Materials,Agricultural Inputs,NSE
PIIND.NS,PI Industries Limited,Basic Materials,Agricultural Inputs,NSE
RALLIS.NS,Rallis India Limited,Basic Materials,Agricultural Inputs,NSE
RAMAPHO.NS,Rama Phosphates Limited,Basic Materials,Agricultural Inputs,NSE
RBS.NS,Ramdevbaba Solvent Ltd.,Basic Materials,Agricultural Inputs,NSE
RCDL.NS,Rajgor Castor Derivatives Ltd.,Basic Materials,Agricultural Inputs,NSE
RCF.NS,Rashtriya Chemicals and Fertilizers Limited,Basic Materials,Agricultural Inputs,NSE
SHARDACROP.NS,Sharda Cropchem Limited,Basic Materials,Agricultural Inputs,NSE
SIKKO.NS,Sikko Industries Limited,Basic Materials,Agricultural Inputs,NSE
SPIC.NS,Southern Petrochemical Industries Corporation Limited,Basic Materials,Agricultural Inputs,NSE
SUMICHEM.NS,Sumitomo Chemical India Limited,Basic Materials,Agricultural Inputs,NSE
TBI.NS,TBI Corn Ltd.,Basic Materials,Agricultural Inputs,NSE
UPL.NS,UPL Limited,Basic Materials,Agricultural Inputs,NSE
USASEEDS.NS,Upsurge Seeds of Agriculture Ltd.,Basic Materials,Agricultural Inputs,NSE
VISHWAS.NS,Vishwas Agri Seeds Ltd.,Basic Materials,Agricultural Inputs,NSE
ZUARI.NS,Zuari Agro Chemicals Limited,Basic Materials,Agricultural Inputs,NSE
ARFIN.NS,Arfin India Ltd,Basic Materials,Aluminum,NSE
CENTEXT.NS,Century Extrusions Limited,Basic Materials,Aluminum,NSE
GOYALALUM.NS,Goyal Aluminiums Limited,Basic Materials,Aluminum,NSE
GSMFOILS.NS,GSM Foils Ltd.,Basic Materials,Aluminum,NSE
HINDALCO.NS,Hindalco Industries Limited,Basic Materials,Aluminum,NSE
MAANALU.NS,Maan Aluminium Limited,Basic Materials,Aluminum,NSE
MANAKALUCO.NS,Manaksia Aluminium Company Limited,Basic Materials,Aluminum,NSE
MMP.NS,MMP Industries Limited,Basic Materials,Aluminum,NSE
NATIONALUM.NS,National Aluminium Company Limited,Basic Materials,Aluminum,NSE
PRECISION.NS,Precision Metaliks Ltd.,Basic Materials,Aluminum,NSE
ACI.NS,Archean Chemical Industries Limited,Basic Materials,Chemicals,NSE
AMNPLST.NS,Amines & Plasticizers Limited,Basic Materials,Chemicals,NSE
ANDHRSUGAR.NS,The Andhra Sugars Limited,Basic Materials,Chemicals,NSE
ARISTO-SM.NS,Aristo Bio-tech An,Basic Materials,Chemicals,NSE
BEPL.NS,Bhansali Engineering Polymers Limited,Basic Materials,Chemicals,NSE
CHEMPLASTS.NS,Chemplast Sanmar Limited,Basic Materials,Chemicals,NSE
DCW.NS,DCW Limited,Basic Materials,Chemicals,NSE
DEEPAKFERT.NS,Deepak Fertilisers And Petrochemicals Corporation Limited,Basic Materials,Chemicals,NSE
DEEPAKNTR.NS,Deepak Nitrite Limited,Basic Materials,Chemicals,NSE
DIAMINESQ.NS,Diamines and Chemicals Limited,Basic Materials,Chemicals,NSE
DMCC.NS,DMCC Speciality Chemicals Limited,Basic Materials,Chemicals,NSE
ELLEN.NS,Ellenbarrie Industrial Gases Ltd,Basic Materials,Chemicals,NSE
EPIGRAL.NS,Epigral Limited,Basic Materials,Chemicals,NSE
FOSECOIND.NS,Foseco India Limited,Basic Materials,Chemicals,NSE
GEMAROMA.NS,Gem Aromatics Ltd.,Basic Materials,Chemicals,NSE
GHCL.NS,GHCL Limited,Basic Materials,Chemicals,NSE
GNFC.NS,Gujarat Narmada Valley Fertilizers & Chemicals Limited,Basic Materials,Chemicals,NSE
GODAVARIB.NS,Godavari Biorefineries Ltd.,Basic Materials,Chemicals,NSE
GUJALKALI.NS,Gujarat Alkalies and Chemicals Limited,Basic Materials,Chemicals,NSE
GUJRAFFIA.NS,Gujarat Raffia Industries Limited,Basic Materials,Chemicals,NSE
GULPOLY.NS,Gulshan Polyols Limited,Basic Materials,Chemicals,NSE
IEML.NS,Indian Emulsifiers Ltd.,Basic Materials,Chemicals,NSE
INDIAGLYCO.NS,India Glycols Limited,Basic Materials,Chemicals,NSE
INDOAMIN.NS,Indo Amines Limited,Basic Materials,Chemicals,NSE
INDOBORAX.NS,Indo Borax & Chemicals Limited,Basic Materials,Chemicals,NSE
ISHANCH.NS,Ishan Dyes and Chemicals Ltd.,Basic Materials,Chemicals,NSE
KANORICHEM.NS,Kanoria Chemicals & Industries Limited,Basic Materials,Chemicals,NSE
LORDSCHLO.NS,Lords Chloro Alkali Limited,Basic Materials,Chemicals,NSE
NAVINFLUOR.NS,Navin Fluorine International Limited,Basic Materials,Chemicals,NSE
OCCLLTD.NS,OCCL Ltd.,Basic Materials,Chemicals,NSE
PARAGON.NS,Paragon Fine & Speciality Chemical Ltd.,Basic Materials,Chemicals,NSE
PRIMO.NS,Primo Chemicals Ltd.,Basic Materials,Chemicals,NSE
PUNJABCHEM.NS,Punjab Chemicals and Crop Protection Limited,Basic Materials,Chemicals,NSE
RAIN.NS,Rain Industries Limited,Basic Materials,Chemicals,NSE
RITEZONE.NS,Rite Zone Chemcon India Ltd.,Basic Materials,Chemicals,NSE
RPEL.NS,Raghav Productivity Enhancers Ltd.,Basic Materials,Chemicals,NSE
SANGINITA.NS,Sanginita Chemicals Limited,Basic Materials,Chemicals,NSE
SANSTAR.NS,Sanstar Ltd.,Basic Materials,Chemicals,NSE
SPLPETRO.NS,Supreme Petrochem Limited,Basic Materials,Chemicals,NSE
SRHHYPOLTD.NS,Sree Rayalaseema Hi-Strength Hypo Limited,Basic Materials,Chemicals,NSE
STYRENIX.NS,Styrenix Performance Materials Ltd.,Basic Materials,Chemicals,NSE
TATACHEM.NS,Tata Chemicals Limited,Basic Materials,Chemicals,NSE
UNIENTER.NS,Uniphos Enterprises Limited,Basic Materials,Chemicals,NSE
VALIANTORG.NS,Valiant Organics Limited,Basic Materials,Chemicals,NSE
VINEETLAB.NS,Vineet Laboratories Limited,Basic Materials,Chemicals,NSE
AARTIIND.NS,Aarti Industries Limited,Basic Materials,Chemicals - Specialty,NSE
AARTISURF.NS,Aarti Surfactants Limited,Basic Materials,Chemicals - Specialty,NSE
ABMINTLLTD.NS,ABM International Limited,Basic Materials,Chemicals - Specialty,NSE
ACUTAAS.NS,Acutaas Chemicals Ltd.,Basic Materials,Chemicals - Specialty,NSE
ADVENZYMES.NS,Advanced Enzyme Technologies Limited,Basic Materials,Chemicals - Specialty,NSE
AETHER.NS,Aether Industries Limited,Basic Materials,Chemicals - Specialty,NSE
AGARIND.NS,Agarwal Industrial Corporation Limited,Basic Materials,Chemicals - Specialty,NSE
AKSHARCHEM.NS,AksharChem (India) Limited,Basic Materials,Chemicals - Specialty,NSE
ALKALI.NS,Alkali Metals Limited,Basic Materials,Chemicals - Specialty,NSE
ALKYLAMINE.NS,Alkyl Amines Chemicals Limited,Basic Materials,Chemicals - Specialty,NSE
ANURAS.NS,Anupam Rasayan India Limited,Basic Materials,Chemicals - Specialty,NSE
APCOTEXIND.NS,Apcotex Industries Limited,Basic Materials,Chemicals - Specialty,NSE
ARVEE.NS,Arvee Laboratories (India) Ltd.,Basic Materials,Chemicals - Specialty,NSE
ASAHISONG.NS,Asahi Songwon Colors Limited,Basic Materials,Chemicals - Specialty,NSE
ASIANPAINT.NS,Asian Paints Limited,Basic Materials,Chemicals - Specialty,NSE
ATUL.NS,Atul Ltd,Basic Materials,Chemicals - Specialty,NSE
AVTNPL.NS,AVT Natural Products Limited,Basic Materials,Chemicals - Specialty,NSE
BALAMINES.NS,Balaji Amines Limited,Basic Materials,Chemicals - Specialty,NSE
BASF.NS,BASF India Limited,Basic Materials,Chemicals - Specialty,NSE
BERGEPAINT.NS,Berger Paints India Limited,Basic Materials,Chemicals - Specialty,NSE
BHAGERIA.NS,Bhageria Industries Limited,Basic Materials,Chemicals - Specialty,NSE
BILVYAPAR.NS,Bil Vyapar Ltd.,Basic Materials,Chemicals - Specialty,NSE
BODALCHEM.NS,Bodal Chemicals Limited,Basic Materials,Chemicals - Specialty,NSE
CAMLINFINE.NS,Camlin Fine Sciences Limited,Basic Materials,Chemicals - Specialty,NSE
CHEMBOND.NS,Chembond Material Technologies Limited,Basic Materials,Chemicals - Specialty,NSE
CHEMCON.NS,Chemcon Speciality Chemicals Limited,Basic Materials,Chemicals - Specialty,NSE
CHEMFAB.NS,Chemfab Alkalis Limited,Basic Materials,Chemicals - Specialty,NSE
CLEAN.NS,Clean Science and Technology Limited,Basic Materials,Chemicals - Specialty,NSE
DCMSHRIRAM.NS,DCM Shriram Limited,Basic Materials,Chemicals - Specialty,NSE
DDEVPLSTIK.NS,Ddev Plastiks Industries Ltd.,Basic Materials,Chemicals - Specialty,NSE
DICIND.NS,DIC India Limited,Basic Materials,Chemicals - Specialty,NSE
DUCOL.NS,Ducol Organics & Colours Ltd.,Basic Materials,Chemicals - Specialty,NSE
DYNPRO.NS,Dynemic Products Limited,Basic Materials,Chemicals - Specialty,NSE
ESTER.NS,Ester Industries Limited,Basic Materials,Chemicals - Specialty,NSE
EXCELINDUS.NS,Excel Industries Limited,Basic Materials,Chemicals - Specialty,NSE
FAIRCHEMOR.NS,Fairchem Organics Limited,Basic Materials,Chemicals - Specialty,NSE
FCL.NS,Fineotex Chemical Limited,Basic Materials,Chemicals - Specialty,NSE
FINEORG.NS,Fine Organic Industries Limited,Basic Materials,Chemicals - Specialty,NSE
FLUOROCHEM.NS,Gujarat Fluorochemicals Limited,Basic Materials,Chemicals - Specialty,NSE
GALAXYSURF.NS,Galaxy Surfactants Limited,Basic Materials,Chemicals - Specialty,NSE
GANESHBE.NS,Ganesh Benzoplast Limited,Basic Materials,Chemicals - Specialty,NSE
GOACARBON.NS,Goa Carbon Limited,Basic Materials,Chemicals - Specialty,NSE
GOCLCORP.NS,GOCL Corporation Limited,Basic Materials,Chemicals - Specialty,NSE
GRWRHITECH.NS,Garware Hi-Tech Films Limited,Basic Materials,Chemicals - Specialty,NSE
GULFOILLUB.NS,Gulf Oil Lubricants India Limited,Basic Materials,Chemicals - Specialty,NSE
HINDCON.NS,Hindcon Chemicals Limited,Basic Materials,Chemicals - Specialty,NSE
HPAL.NS,HP Adhesives Limited,Basic Materials,Chemicals - Specialty,NSE
HPIL.NS,Hindprakash Industries Limited,Basic Materials,Chemicals - Specialty,NSE
HSCL.NS,Himadri Speciality Chemical Limited,Basic Materials,Chemicals - Specialty,NSE
IGPL.NS,I G Petrochemicals Limited,Basic Materials,Chemicals - Specialty,NSE
INDIGOPNTS.NS,Indigo Paints Limited,Basic Materials,Chemicals - Specialty,NSE
IVP.NS,IVP Limited,Basic Materials,Chemicals - Specialty,NSE
JAICORPLTD.NS,Jai Corp Limited,Basic Materials,Chemicals - Specialty,NSE
JAYAGROGN.NS,Jayant Agro-Organics Limited,Basic Materials,Chemicals - Specialty,NSE
JINDALPOLY.NS,Jindal Poly Films Limited,Basic Materials,Chemicals - Specialty,NSE
JOCIL.NS,Jocil Limited,Basic Materials,Chemicals - Specialty,NSE
JUBLCPL.NS,Jubilant Agri and Consumer Products Ltd.,Basic Materials,Chemicals - Specialty,NSE
JUBLINGREA.NS,Jubilant Ingrevia Limited,Basic Materials,Chemicals - Specialty,NSE
KANSAINER.NS,Kansai Nerolac Paints Limited,Basic Materials,Chemicals - Specialty,NSE
KINGFA.NS,Kingfa Science & Technology (India) Limited,Basic Materials,Chemicals - Specialty,NSE
KIRIINDUS.NS,Kiri Industries Limited,Basic Materials,Chemicals - Specialty,NSE
KOTHARIPET.NS,Kothari Petrochemicals Limited,Basic Materials,Chemicals - Specialty,NSE
KRONOX.NS,Kronox Lab Sciences Ltd.,Basic Materials,Chemicals - Specialty,NSE
LINDEINDIA.NS,Linde India Limited,Basic Materials,Chemicals - Specialty,NSE
LRRPL.NS,Lead Reclaim & Rubber Products Ltd.,Basic Materials,Chemicals - Specialty,NSE
LXCHEM.NS,Laxmi Organic Industries Limited,Basic Materials,Chemicals - Specialty,NSE
MAHICKRA.NS,Mahickra Chemicals Ltd.,Basic Materials,Chemicals - Specialty,NSE
MANALIPETC.NS,Manali Petrochemicals Limited,Basic Materials,Chemicals - Specialty,NSE
MANORG.NS,Mangalam Organics Limited,Basic Materials,Chemicals - Specialty,NSE
NEOGEN.NS,Neogen Chemicals Limited,Basic Materials,Chemicals - Specialty,NSE
NOCIL.NS,NOCIL Limited,Basic Materials,Chemicals - Specialty,NSE
OAL.NS,Oriental Aromatics Limited,Basic Materials,Chemicals - Specialty,NSE
ORIENTCER.NS,Orient Ceratech Ltd.,Basic Materials,Chemicals - Specialty,NSE
PCBL.NS,PCBL Limited,Basic Materials,Chemicals - Specialty,NSE
PIDILITIND.NS,Pidilite Industries Limited,Basic Materials,Chemicals - Specialty,NSE
PLASTIBLEN.NS,Plastiblends India Limited,Basic Materials,Chemicals - Specialty,NSE
PLATIND.NS,Platinum Industries Ltd,Basic Materials,Chemicals - Specialty,NSE
POCL.NS,Pondy Oxides And Chemicals Limited,Basic Materials,Chemicals - Specialty,NSE
PODDARMENT.NS,Poddar Pigments Limited,Basic Materials,Chemicals - Specialty,NSE
POLYPLEX.NS,Polyplex Corporation Limited,Basic Materials,Chemicals - Specialty,NSE
PREMEXPLN.NS,Premier Explosives Limited,Basic Materials,Chemicals - Specialty,NSE
PREMIERPOL.NS,Premier Polyfilm Ltd.,Basic Materials,Chemicals - Specialty,NSE
PRIVISCL.NS,Privi Speciality Chemicals Limited,Basic Materials,Chemicals - Specialty,NSE
RESPONIND.NS,Responsive Industries Limited,Basic Materials,Chemicals - Specialty,NSE
ROSSARI.NS,Rossari Biotech Limited,Basic Materials,Chemicals - Specialty,NSE
RUBFILA.NS,Rubfila International Ltd.,Basic Materials,Chemicals - Specialty,NSE
SADHNANIQ.NS,Sadhana Nitro Chem Limited,Basic Materials,Chemicals - Specialty,NSE
SAMPANN.NS,Sampann Utpadan India Ltd.,Basic Materials,Chemicals - Specialty,NSE
SATIPOLY.NS,Sati Poly Plast Ltd.,Basic Materials,Chemicals - Specialty,NSE
SEYAIND.NS,Seya Industries Limited,Basic Materials,Chemicals - Specialty,NSE
SHALPAINTS.NS,Shalimar Paints Limited,Basic Materials,Chemicals - Specialty,NSE
SHIVALIK.NS,Shivalik Rasayan Limited,Basic Materials,Chemicals - Specialty,NSE
SHK.NS,S H Kelkar and Company Limited,Basic Materials,Chemicals - Specialty,NSE
SHREEPUSHK.NS,Shree Pushkar Chemicals & Fertilisers Limited,Basic Materials,Chemicals - Specialty,NSE
SIGIND.NS,Signet Industries Limited,Basic Materials,Chemicals - Specialty,NSE
SIRCA.NS,Sirca Paints India Limited,Basic Materials,Chemicals - Specialty,NSE
SOLARINDS.NS,Solar Industries India Limited,Basic Materials,Chemicals - Specialty,NSE
SOTL.NS,Savita Oil Technologies Limited,Basic Materials,Chemicals - Specialty,NSE
SRD.NS,Shankar Lal Rampal Dye-Chem Ltd.,Basic Materials,Chemicals - Specialty,NSE
SRF.NS,SRF Limited,Basic Materials,Chemicals - Specialty,NSE
STALLION.NS,Stallion India Fluorochemicals Ltd.,Basic Materials,Chemicals - Specialty,NSE
SUDARSCHEM.NS,Sudarshan Chemical Industries Limited,Basic Materials,Chemicals - Specialty,NSE
SUKHJITS.NS,The Sukhjit Starch & Chemicals Limited,Basic Materials,Chemicals - Specialty,NSE
TAINWALCHM.NS,Tainwala Chemicals and Plastics (India) Limited,Basic Materials,Chemicals - Specialty,NSE
TATVA.NS,Tatva Chintan Pharma Chem Limited,Basic Materials,Chemicals - Specialty,NSE
TINNARUBR.NS,Tinna Rubber & Infrastructure Ltd,Basic Materials,Chemicals - Specialty,NSE
TIRUMALCHM.NS,Thirumalai Chemicals Limited,Basic Materials,Chemicals - Specialty,NSE
TNPETRO.NS,Tamilnadu Petroproducts Limited,Basic Materials,Chemicals - Specialty,NSE
UCL.NS,Ushanti Colour Chem Ltd.,Basic Materials,Chemicals - Specialty,NSE
VEEDOL.NS,Veedol Corp. Ltd.,Basic Materials,Chemicals - Specialty,NSE
VIDHIING.NS,Vidhi Specialty Food Ingredients Limited,Basic Materials,Chemicals - Specialty,NSE
VIKASECO.NS,Vikas EcoTech Limited,Basic Materials,Chemicals - Specialty,NSE
VIKASLIFE.NS,Vikas Lifecare Limited,Basic Materials,Chemicals - Specialty,NSE
VINATIORGA.NS,Vinati Organics Limited,Basic Materials,Chemicals - Specialty,NSE
VINYLINDIA.NS,Vinyl Chemicals (India) Limited,Basic Materials,Chemicals - Specialty,NSE
VISHNU.NS,Vishnu Chemicals Limited,Basic Materials,Chemicals - Specialty,NSE
VITAL.NS,Vital Chemtech Ltd.,Basic Materials,Chemicals - Specialty,NSE
XPROINDIA.NS,Xpro India Limited,Basic Materials,Chemicals - Specialty,NSE
YASHO.NS,Yasho Industries Limited,Basic Materials,Chemicals - Specialty,NSE
YCCL.NS,Yasons Chemex Care Ltd.,Basic Materials,Chemicals - Specialty,NSE
ACC.NS,ACC Limited,Basic Materials,Construction Materials,NSE
ACL.NS,Andhra Cements Limited,Basic Materials,Construction Materials,NSE
ALUWIND.NS,Aluwind Infra-Tech Ltd.,Basic Materials,Construction Materials,NSE
AMBUJACEM.NS,Ambuja Cements Limited,Basic Materials,Construction Materials,NSE
APCL.NS,Anjani Portland Cement Limited,Basic Materials,Construction Materials,NSE
BIRLACORPN.NS,Birla Corporation Limited,Basic Materials,Construction Materials,NSE
BVCL.NS,Barak Valley Cements Limited,Basic Materials,Construction Materials,NSE
DALBHARAT.NS,Dalmia Bharat Limited,Basic Materials,Construction Materials,NSE
DECCANCE.NS,Deccan Cements Limited,Basic Materials,Construction Materials,NSE
EFORCE.NS,Electro Force (India) Ltd.,Basic Materials,Construction Materials,NSE
EPACK.NS,EPACK Durable Limited,Basic Materials,Construction Materials,NSE
GRASIM.NS,Grasim Industries Limited,Basic Materials,Construction Materials,NSE
GSLSU.NS,Global Surfaces Limited,Basic Materials,Construction Materials,NSE
HEIDELBERG.NS,HeidelbergCement India Limited,Basic Materials,Construction Materials,NSE
IFGLEXPOR.NS,IFGL Refractories Limited,Basic Materials,Construction Materials,NSE
INDIACEM.NS,The India Cements Limited,Basic Materials,Construction Materials,NSE
JKCEMENT.NS,J.K. Cement Limited,Basic Materials,Construction Materials,NSE
JKLAKSHMI.NS,JK Lakshmi Cement Limited,Basic Materials,Construction Materials,NSE
JSWCEMENT.NS,Jsw Cement Ltd.,Basic Materials,Construction Materials,NSE
KAKATCEM.NS,Kakatiya Cement Sugar and Industries Limited,Basic Materials,Construction Materials,NSE
KCP.NS,The KCP Limited,Basic Materials,Construction Materials,NSE
KESORAMIND.NS,Kesoram Industries Limited,Basic Materials,Construction Materials,NSE
MANDEEP.NS,Mandeep Auto Industries Ltd.,Basic Materials,Construction Materials,NSE
MANGLMCEM.NS,Mangalam Cement Limited,Basic Materials,Construction Materials,NSE
MCON.NS,MCON Rasayan India Ltd.,Basic Materials,Construction Materials,NSE
NAVKARURB.NS,Navkar Urbanstructure Ltd.,Basic Materials,Construction Materials,NSE
NCLIND.NS,NCL Industries Limited,Basic Materials,Construction Materials,NSE
NUVOCO.NS,Nuvoco Vistas Corporation Limited,Basic Materials,Construction Materials,NSE
ORIENTCEM.NS,Orient Cement Limited,Basic Materials,Construction Materials,NSE
PRSMJOHNSN.NS,Prism Johnson Limited,Basic Materials,Construction Materials,NSE
RAMCOCEM.NS,The Ramco Cements Limited,Basic Materials,Construction Materials,NSE
REFRACTORY.NS,Refractory Shapes Ltd.,Basic Materials,Construction Materials,NSE
SAGCEM.NS,Sagar Cements Limited,Basic Materials,Construction Materials,NSE
SAHYADRI.NS,Sahyadri Industries Limited,Basic Materials,Construction Materials,NSE
SAURASHCEM.NS,Saurashtra Cement Limited,Basic Materials,Construction Materials,NSE
SHREDIGCEM.NS,Shree Digvijay Cement Company Limited,Basic Materials,Construction Materials,NSE
SHREECEM.NS,Shree Cement Limited,Basic Materials,Construction Materials,NSE
SPRL.NS,SP Refractories Ltd.,Basic Materials,Construction Materials,NSE
STARCEMENT.NS,Star Cement Limited,Basic Materials,Construction Materials,NSE
ULTRACEMCO.NS,UltraTech Cement Limited,Basic Materials,Construction Materials,NSE
VISHNUINFR.NS,Vishnusurya Projects & Infra Ltd.,Basic Materials,Construction Materials,NSE
ZODIAC.NS,Zodiac Energy Limited,Basic Materials,Construction Materials,NSE
BHAGYANGR.NS,Bhagyanagar India Limited,Basic Materials,Copper,NSE
CUBEXTUB.NS,Cubex Tubings Limited,Basic Materials,Copper,NSE
HINDCOPPER.NS,Hindustan Copper Limited,Basic Materials,Copper,NSE
MCL.NS,Madhav Copper Limited,Basic Materials,Copper,NSE
SAGARDEEP.NS,Sagardeep Alloys Limited,Basic Materials,Copper,NSE
ARABIAN.NS,Arabian Petroleum Ltd.,Basic Materials,Industrial - Specialties,NSE
KOTYARK.NS,Kotyark Industries Ltd.,Basic Materials,Industrial - Specialties,NSE
PCCL.NS,Petro Carbon & Chemicals Ltd.,Basic Materials,Industrial - Specialties,NSE
SRIVASAVI.NS,Srivasavi Adhesive Tapes Ltd.,Basic Materials,Industrial - Specialties,NSE
20MICRONS.NS,20 Microns Limited,Basic Materials,Industrial Materials,NSE
ARENTERP.NS,Rajdarshan Industries Limited,Basic Materials,Industrial Materials,NSE
ASHAPURMIN.NS,Ashapura Minechem Limited,Basic Materials,Industrial Materials,NSE
HINDZINC.NS,Hindustan Zinc Limited,Basic Materials,Industrial Materials,NSE
IMPEXFERRO.NS,Impex Ferro Tech Limited,Basic Materials,Industrial Materials,NSE
JGCHEM.NS,J.G. Chemicals Limited,Basic Materials,Industrial Materials,NSE
MOIL.NS,MOIL Limited,Basic Materials,Industrial Materials,NSE
ORISSAMINE.NS,The Orissa Minerals Development Company Limited,Basic Materials,Industrial Materials,NSE
RAJMET.NS,Rajnandini Metal Limited,Basic Materials,Industrial Materials,NSE
VEDL.NS,Vedanta Limited,Basic Materials,Industrial Materials,NSE
CLCIND.NS,CLC Industries Limited,Basic Materials,Manufacturing - Textiles,NSE
GLOBE.NS,Globe Enterprises (india) Ltd.,Basic Materials,Manufacturing - Textiles,NSE
LEMERITE.NS,Le Merite Exports Ltd.,Basic Materials,Manufacturing - Textiles,NSE
SHREEKARNI.NS,Shree Karni Fabcom Ltd.,Basic Materials,Manufacturing - Textiles,NSE
SHRITECH.NS,Shri Techtex Ltd.,Basic Materials,Manufacturing - Textiles,NSE
VEEKAYEM.NS,Veekayem Fashion & Apparels Ltd.,Basic Materials,Manufacturing - Textiles,NSE
DCG.NS,DCG Cables & Wires Ltd.,Basic Materials,Other Precious Metals,NSE
IGIL.NS,International Gemmological Institute (India) Ltd.,Basic Materials,Other Precious Metals,NSE
ABREL.NS,Aditya Birla Real Estate Ltd.,Basic Materials,"Paper, Lumber & Forest Products",NSE
ANDHRAPAP.NS,Andhra Paper Limited,Basic Materials,"Paper, Lumber & Forest Products",NSE
ARCHIDPLY.NS,Archidply Industries Limited,Basic Materials,"Paper, Lumber & Forest Products",NSE
ASTRON.NS,Astron Paper & Board Mill Limited,Basic Materials,"Paper, Lumber & Forest Products",NSE
CENTURYPLY.NS,Century Plyboards (India) Limited,Basic Materials,"Paper, Lumber & Forest Products",NSE
CONTI.NS,Continental Seeds & Chemicals Ltd.,Basic Materials,"Paper, Lumber & Forest Products",NSE
EMAMIPAP.NS,Emami Paper Mills Limited,Basic Materials,"Paper, Lumber & Forest Products",NSE
GENUSPAPER.NS,Genus Paper & Boards Limited,Basic Materials,"Paper, Lumber & Forest Products",NSE
GREENPANEL.NS,Greenpanel Industries Limited,Basic Materials,"Paper, Lumber & Forest Products",NSE
GREENPLY.NS,Greenply Industries Limited,Basic Materials,"Paper, Lumber & Forest Products",NSE
JKPAPER.NS,JK Paper Limited,Basic Materials,"Paper, Lumber & Forest Products",NSE
KUANTUM.NS,Kuantum Papers Limited,Basic Materials,"Paper, Lumber & Forest Products",NSE
MAGNUM.NS,Magnum Ventures Limited,Basic Materials,"Paper, Lumber & Forest Products",NSE
MALUPAPER.NS,Malu Paper Mills Limited,Basic Materials,"Paper, Lumber & Forest Products",NSE
NRAIL.NS,N R Agarwal Industries Limited,Basic Materials,"Paper, Lumber & Forest Products",NSE
ORIENTPPR.NS,Orient Paper & Industries Limited,Basic Materials,"Paper, Lumber & Forest Products",NSE
PAKKA.NS,Pakka Limited,Basic Materials,"Paper, Lumber & Forest Products",NSE
PDMJEPAPER.NS,Pudumjee Paper Products Limited,Basic Materials,"Paper, Lumber & Forest Products",NSE
RAMANEWS.NS,Shree Rama Newsprint Limited,Basic Materials,"Paper, Lumber & Forest Products",NSE
RUCHIRA.NS,Ruchira Papers Limited,Basic Materials,"Paper, Lumber & Forest Products",NSE
SATIA.NS,Satia Industries Limited,Basic Materials,"Paper, Lumber & Forest Products",NSE
SESHAPAPER.NS,Seshasayee Paper and Boards Limited,Basic Materials,"Paper, Lumber & Forest Products",NSE
SHRENIK.NS,Shrenik Limited,Basic Materials,"Paper, Lumber & Forest Products",NSE
SHREYANIND.NS,Shreyans Industries Limited,Basic Materials,"Paper, Lumber & Forest Products",NSE
STARPAPER.NS,Star Paper Mills Limited,Basic Materials,"Paper, Lumber & Forest Products",NSE
SUNDARAM.NS,Sundaram Multi Pap Limited,Basic Materials,"Paper, Lumber & Forest Products",NSE
SYLVANPLY.NS,Sylvan Plyboard (India) Ltd.,Basic Materials,"Paper, Lumber & Forest Products",NSE
TNPL.NS,Tamil Nadu Newsprint and Papers Limited,Basic Materials,"Paper, Lumber & Forest Products",NSE
WIPL.NS,The Western India Plywoods Limited,Basic Materials,"Paper, Lumber & Forest Products",NSE
WSTCSTPAPR.NS,West Coast Paper Mills Limited,Basic Materials,"Paper, Lumber & Forest Products",NSE
AEROENTER.NS,Aeroflex Enterprises Limited,Basic Materials,Steel,NSE
AGUL.NS,A G Universal Ltd.,Basic Materials,Steel,NSE
ANKITMETAL.NS,Ankit Metal & Power Ltd.,Basic Materials,Steel,NSE
APLAPOLLO.NS,APL Apollo Tubes Limited,Basic Materials,Steel,NSE
ASHOKAMET.NS,Ashoka Metcast Limited,Basic Materials,Steel,NSE
BANSALWIRE.NS,Bansal Wire Industries Ltd.,Basic Materials,Steel,NSE
BEDMUTHA.NS,Bedmutha Industries Limited,Basic Materials,Steel,NSE
BHARATWIRE.NS,Bharat Wire Ropes Limited,Basic Materials,Steel,NSE
CMNL.NS,Chaman Metallics Ltd.,Basic Materials,Steel,NSE
DEEM.NS,Deem Roll-Tech Ltd.,Basic Materials,Steel,NSE
ELECTCAST.NS,Electrosteel Castings Limited,Basic Materials,Steel,NSE
ELECTHERM.NS,Electrotherm (India) Limited,Basic Materials,Steel,NSE
GALLANTT.NS,Gallantt Ispat Limited,Basic Materials,Steel,NSE
GFSTEELS.NS,Grand Foundry Limited,Basic Materials,Steel,NSE
GOODLUCK.NS,Goodluck India Limited,Basic Materials,Steel,NSE
GPIL.NS,Godawari Power & Ispat Limited,Basic Materials,Steel,NSE
HARIOMPIPE.NS,Hariom Pipe Industries Limited,Basic Materials,Steel,NSE
HISARMETAL.NS,Hisar Metal Industries Limited,Basic Materials,Steel,NSE
HITECH.NS,Hi-Tech Pipes Limited,Basic Materials,Steel,NSE
IMFA.NS,Indian Metals and Ferro Alloys Limited,Basic Materials,Steel,NSE
INCREDIBLE.NS,Incredible Industries Limited,Basic Materials,Steel,NSE
JAIBALAJI.NS,Jai Balaji Industries Limited,Basic Materials,Steel,NSE
JAYNECOIND.NS,Jayaswal Neco Industries Limited,Basic Materials,Steel,NSE
JINDALSAW.NS,Jindal Saw Limited,Basic Materials,Steel,NSE
JINDALSTEL.NS,Jindal Steel & Power Limited,Basic Materials,Steel,NSE
JSL.NS,Jindal Stainless Limited,Basic Materials,Steel,NSE
JSWSTEEL.NS,JSW Steel Limited,Basic Materials,Steel,NSE
JTLIND.NS,JTL Industries Limited,Basic Materials,Steel,NSE
KAMDHENU.NS,Kamdhenu Limited,Basic Materials,Steel,NSE
KAMOPAINTS.NS,Kamdhenu Ventures Limited,Basic Materials,Steel,NSE
KIOCL.NS,KIOCL Limited,Basic Materials,Steel,NSE
KRIDHANINF.NS,Kridhan Infra Limited,Basic Materials,Steel,NSE
KRITIKA.NS,Kritika Wires Limited,Basic Materials,Steel,NSE
KSL.NS,Kalyani Steels Limited,Basic Materials,Steel,NSE
LLOYDSME.NS,Lloyds Metals and Energy Limited,Basic Materials,Steel,NSE
MAHASTEEL.NS,Mahamaya Steel Industries Limited,Basic Materials,Steel,NSE
MAHSEAMLES.NS,Maharashtra Seamless Limited,Basic Materials,Steel,NSE
MAITHANALL.NS,Maithan Alloys Limited,Basic Materials,Steel,NSE
MAL.NS,Mangalam Alloys Ltd.,Basic Materials,Steel,NSE
MANAKSTEEL.NS,Manaksia Steels Limited,Basic Materials,Steel,NSE
MANINDS.NS,Man Industries (India) Limited,Basic Materials,Steel,NSE
MIDHANI.NS,Mishra Dhatu Nigam Limited,Basic Materials,Steel,NSE
MSPL.NS,MSP Steel & Power Limited,Basic Materials,Steel,NSE
MUKANDLTD.NS,Mukand Limited,Basic Materials,Steel,NSE
MWL.NS,Mangalam Worldwide Ltd.,Basic Materials,Steel,NSE
NMDC.NS,NMDC Limited,Basic Materials,Steel,NSE
NSLNISP.NS,NMDC Steel Limited,Basic Materials,Steel,NSE
PRAKASH.NS,Prakash Industries Limited,Basic Materials,Steel,NSE
PRAKASHSTL.NS,Prakash Steelage Limited,Basic Materials,Steel,NSE
RAJRATAN.NS,Rajratan Global Wire Limited,Basic Materials,Steel,NSE
RAMASTEEL.NS,Rama Steel Tubes Limited,Basic Materials,Steel,NSE
RATNAMANI.NS,Ratnamani Metals & Tubes Limited,Basic Materials,Steel,NSE
RATNAVEER.NS,Ratnaveer Precision Engineering Limited,Basic Materials,Steel,NSE
RHETAN.NS,Rhetan TMT Ltd.,Basic Materials,Steel,NSE
SAIL.NS,Steel Authority of India Limited,Basic Materials,Steel,NSE
SALASAR.NS,Salasar Techno Engineering Limited,Basic Materials,Steel,NSE
SALSTEEL.NS,S.A.L. Steel Limited,Basic Materials,Steel,NSE
SAMBHV.NS,Sambhv Steel Tubes Ltd.,Basic Materials,Steel,NSE
SANDUMA.NS,The Sandur Manganese & Iron Ores Limited,Basic Materials,Steel,NSE
SARDAEN.NS,Sarda Energy & Minerals Limited,Basic Materials,Steel,NSE
SCODATUBES.NS,Scoda Tubes Ltd.,Basic Materials,Steel,NSE
SHAHALLOYS.NS,Shah Alloys Limited,Basic Materials,Steel,NSE
SHAH.NS,Shah Metacorp Ltd.,Basic Materials,Steel,NSE
SHIVAUM.NS,Shiv Aum Steels Ltd.,Basic Materials,Steel,NSE
SHYAMCENT.NS,Shyam Century Ferrous Limited,Basic Materials,Steel,NSE
SHYAMMETL.NS,Shyam Metalics and Energy Limited,Basic Materials,Steel,NSE
STEELCAS.NS,Steelcast Limited,Basic Materials,Steel,NSE
STEELXIND.NS,Steel Exchange India Limited,Basic Materials,Steel,NSE
SUNFLAG.NS,Sunflag Iron and Steel Company Limited,Basic Materials,Steel,NSE
SUPREMEENG.NS,Supreme Engineering Limited,Basic Materials,Steel,NSE
SURAJLTD.NS,Suraj Ltd,Basic Materials,Steel,NSE
SURANI.NS,Surani Steel Tubes Ltd.,Basic Materials,Steel,NSE
SURYAROSNI.NS,Surya Roshni Limited,Basic Materials,Steel,NSE
TATASTEEL.NS,Tata Steel Limited,Basic Materials,Steel,NSE
USHAMART.NS,Usha Martin Limited,Basic Materials,Steel,NSE
VASWANI.NS,Vaswani Industries Limited,Basic Materials,Steel,NSE
VENUSPIPES.NS,Venus Pipes and Tubes Limited,Basic Materials,Steel,NSE
VISASTEEL.NS,VISA Steel Limited,Basic Materials,Steel,NSE
VRAJ.NS,Vraj Iron and Steel Limited,Basic Materials,Steel,NSE
VSSL.NS,Vardhman Special Steels Limited,Basic Materials,Steel,NSE
VSTL.NS,Vibhor Steel Tubes Limited,Basic Materials,Steel,NSE
WELCORP.NS,Welspun Corp Limited,Basic Materials,Steel,NSE
ZENITHSTL.NS,Zenith Steel Pipes & Industries Limited,Basic Materials,Steel,NSE
AFFLE.NS,Affle (India) Limited,Communication Services,Advertising Agencies,NSE
BCG.NS,Brightcom Group Ltd.,Communication Services,Advertising Agencies,NSE
CRAYONS.NS,Crayons Advertising Ltd.,Communication Services,Advertising Agencies,NSE
GRAPHISAD.NS,Graphisads Ltd.,Communication Services,Advertising Agencies,NSE
MAXPOSURE.NS,Maxposure Ltd.,Communication Services,Advertising Agencies,NSE
RKSWAMY.NS,R K Swamy Limited,Communication Services,Advertising Agencies,NSE
SIGNPOST.NS,Signpost India Limited,Communication Services,Advertising Agencies,NSE
TOUCHWOOD.NS,Touchwood Entertainment Limited,Communication Services,Advertising Agencies,NSE
VERTOZ.NS,Vertoz Advertising Limited,Communication Services,Advertising Agencies,NSE
AQYLON.NS,Aqylon Nexus Limited,Communication Services,Broadcasting,NSE
BAGFILMS.NS,B.A.G. Films and Media Limited,Communication Services,Broadcasting,NSE
ENIL.NS,Entertainment Network (India) Limited,Communication Services,Broadcasting,NSE
NDTV.NS,New Delhi Television Limited,Communication Services,Broadcasting,NSE
NETWORK18.NS,Network18 Media & Investments Limited,Communication Services,Broadcasting,NSE
NEXTMEDIA.NS,Next Mediaworks Limited,Communication Services,Broadcasting,NSE
RADIOCITY.NS,Music Broadcast Limited,Communication Services,Broadcasting,NSE
RAJTV.NS,Raj Television Network Limited,Communication Services,Broadcasting,NSE
SUNTV.NS,Sun TV Network Limited,Communication Services,Broadcasting,NSE
TVTODAY.NS,T.V. Today Network Limited,Communication Services,Broadcasting,NSE
TVVISION.NS,TV Vision Limited,Communication Services,Broadcasting,NSE
ZEEL.NS,Zee Entertainment Enterprises Limited,Communication Services,Broadcasting,NSE
ZEEMEDIA.NS,Zee Media Corporation Limited,Communication Services,Broadcasting,NSE
BALAJITELE.NS,Balaji Telefilms Limited,Communication Services,Entertainment,NSE
BTML.NS,Bodhi Tree Multimedia Limited,Communication Services,Entertainment,NSE
CINEVISTA.NS,Cinevista Limited,Communication Services,Entertainment,NSE
CREATIVEYE.NS,Creative Eye Limited,Communication Services,Entertainment,NSE
DEN.NS,DEN Networks Limited,Communication Services,Entertainment,NSE
DISHTV.NS,Dish TV India Limited,Communication Services,Entertainment,NSE
GFLLIMITED.NS,GFL Limited,Communication Services,Entertainment,NSE
GTPL.NS,GTPL Hathway Limited,Communication Services,Entertainment,NSE
HATHWAY.NS,Hathway Cable and Datacom Limited,Communication Services,Entertainment,NSE
IMAGICAA.NS,Imagicaaworld Entertainment Limited,Communication Services,Entertainment,NSE
MUKTAARTS.NS,Mukta Arts Limited,Communication Services,Entertainment,NSE
NDLVENTURE.NS,NDL Ventures Ltd.,Communication Services,Entertainment,NSE
ORTEL.NS,Ortel Communications Ltd.,Communication Services,Entertainment,NSE
PFOCUS.NS,Prime Focus Limited,Communication Services,Entertainment,NSE
PNC.NS,Pritish Nandy Communications Ltd,Communication Services,Entertainment,NSE
PVRINOX.NS,PVR INOX Limited,Communication Services,Entertainment,NSE
RADAAN.NS,Radaan Mediaworks India Limited,Communication Services,Entertainment,NSE
SAREGAMA.NS,Saregama India Limited,Communication Services,Entertainment,NSE
SHEMAROO.NS,Shemaroo Entertainment Limited,Communication Services,Entertainment,NSE
SILLYMONKS.NS,Silly Monks Entertainment Limited,Communication Services,Entertainment,NSE
SITINET.NS,SITI Networks Limited,Communication Services,Entertainment,NSE
TIPSFILMS.NS,Tips Films Limited,Communication Services,Entertainment,NSE
TIPSMUSIC.NS,Tips Music Ltd.,Communication Services,Entertainment,NSE
UFO.NS,UFO Moviez India Limited,Communication Services,Entertainment,NSE
DGCONTENT.NS,Digicontent Limited,Communication Services,Internet Content & Information,NSE
ETERNAL.NS,Eternal Ltd.,Communication Services,Internet Content & Information,NSE
INDIAMART.NS,IndiaMART InterMESH Limited,Communication Services,Internet Content & Information,NSE
JUSTDIAL.NS,Just Dial Limited,Communication Services,Internet Content & Information,NSE
MATRIMONY.NS,Matrimony.com Limited,Communication Services,Internet Content & Information,NSE
NAUKRI.NS,Info Edge (India) Limited,Communication Services,Internet Content & Information,NSE
CYBERMEDIA.NS,Cyber Media (India) Limited,Communication Services,Publishing,NSE
DBCORP.NS,D. B. Corp Limited,Communication Services,Publishing,NSE
DNAMEDIA.NS,Diligent Media Corporation Limited,Communication Services,Publishing,NSE
HMVL.NS,Hindustan Media Ventures Limited,Communication Services,Publishing,NSE
HTMEDIA.NS,HT Media Limited,Communication Services,Publishing,NSE
JAGRAN.NS,Jagran Prakashan Limited,Communication Services,Publishing,NSE
MPSLTD.NS,MPS Limited,Communication Services,Publishing,NSE
NAVNETEDUL.NS,Navneet Education Limited,Communication Services,Publishing,NSE
SABEVENTS.NS,SAB Events & Governance Now Media Limited,Communication Services,Publishing,NSE
SAMBHAAV.NS,Sambhaav Media Limited,Communication Services,Publishing,NSE
SANDESH.NS,The Sandesh Limited,Communication Services,Publishing,NSE
SCHAND.NS,S Chand and Company Limited,Communication Services,Publishing,NSE
BHARTIARTL.NS,Bharti Airtel Limited,Communication Services,Telecommunications Services,NSE
BHARTIHEXA.NS,Bharti Hexacom Limited,Communication Services,Telecommunications Services,NSE
GTL.NS,GTL Limited,Communication Services,Telecommunications Services,NSE
IDEA.NS,Vodafone Idea Limited,Communication Services,Telecommunications Services,NSE
INDUSTOWER.NS,Indus Towers Limited,Communication Services,Telecommunications Services,NSE
MTNL.NS,Mahanagar Telephone Nigam Limited,Communication Services,Telecommunications Services,NSE
ONMOBILE.NS,OnMobile Global Limited,Communication Services,Telecommunications Services,NSE
RAILTEL.NS,RailTel Corporation of India Limited,Communication Services,Telecommunications Services,NSE
RCOM.NS,Reliance Communications Limited,Communication Services,Telecommunications Services,NSE
ROUTE.NS,Route Mobile Limited,Communication Services,Telecommunications Services,NSE
SUYOG.NS,Suyog Telematics Ltd,Communication Services,Telecommunications Services,NSE
TATACOMM.NS,Tata Communications Limited,Communication Services,Telecommunications Services,NSE
TTML.NS,Tata Teleservices (Maharashtra) Limited,Communication Services,Telecommunications Services,NSE
UNIINFO.NS,Uniinfo Telecom Services Limited,Communication Services,Telecommunications Services,NSE
AKI.NS,AKI India Limited,Consumer Cyclical,Apparel - Footwear & Accessories,NSE
BANARBEADS.NS,Banaras Beads Limited,Consumer Cyclical,Apparel - Footwear & Accessories,NSE
BATAINDIA.NS,Bata India Limited,Consumer Cyclical,Apparel - Footwear & Accessories,NSE
BCONCEPTS.NS,Brand Concepts Limited,Consumer Cyclical,Apparel - Footwear & Accessories,NSE
BIL.NS,Bhartiya International Ltd.,Consumer Cyclical,Apparel - Footwear & Accessories,NSE
CAMPUS.NS,Campus Activewear Limited,Consumer Cyclical,Apparel - Footwear & Accessories,NSE
CBAZAAR.NS,Net Avenue Technologies Ltd.,Consumer Cyclical,Apparel - Footwear & Accessories,NSE
CPS.NS,CPS Shapers Ltd.,Consumer Cyclical,Apparel - Footwear & Accessories,NSE
GRETEX.NS,Gretex Industries Ltd,Consumer Cyclical,Apparel - Footwear & Accessories,NSE
JAIPURKURT.NS,Nandani Creation Limited,Consumer Cyclical,Apparel - Footwear & Accessories,NSE
JIWANRAM.NS,Jiwanram Sheoduttrai Industries Ltd.,Consumer Cyclical,Apparel - Footwear & Accessories,NSE
KARNIKA.NS,Karnika Industries Ltd.,Consumer Cyclical,Apparel - Footwear & Accessories,NSE
KHADIM.NS,Khadim India Limited,Consumer Cyclical,Apparel - Footwear & Accessories,NSE
LIBERTSHOE.NS,Liberty Shoes Ltd.,Consumer Cyclical,Apparel - Footwear & Accessories,NSE
METROBRAND.NS,Metro Brands Limited,Consumer Cyclical,Apparel - Footwear & Accessories,NSE
MIRZAINT.NS,Mirza International Limited,Consumer Cyclical,Apparel - Footwear & Accessories,NSE
REDTAPE.NS,Redtape Limited,Consumer Cyclical,Apparel - Footwear & Accessories,NSE
RELAXO.NS,Relaxo Footwears Limited,Consumer Cyclical,Apparel - Footwear & Accessories,NSE
SAFARI.NS,Safari Industries (India) Limited,Consumer Cyclical,Apparel - Footwear & Accessories,NSE
SIGNORIA.NS,Signoria Creation Ltd.,Consumer Cyclical,Apparel - Footwear & Accessories,NSE
SREEL.NS,Sreeleathers Limited,Consumer Cyclical,Apparel - Footwear & Accessories,NSE
SUPERHOUSE.NS,Superhouse Limited,Consumer Cyclical,Apparel - Footwear & Accessories,NSE
VIPIND.NS,V.I.P. Industries Limited,Consumer Cyclical,Apparel - Footwear & Accessories,NSE
ABFRL.NS,Aditya Birla Fashion and Retail Limited,Consumer Cyclical,Apparel - Manufacturers,NSE
AKSHAR.NS,Akshar Spintex Limited,Consumer Cyclical,Apparel - Manufacturers,NSE
ALOKINDS.NS,Alok Industries Limited,Consumer Cyclical,Apparel - Manufacturers,NSE
AMBIKCO.NS,Ambika Cotton Mills Limited,Consumer Cyclical,Apparel - Manufacturers,NSE
ARVINDFASN.NS,Arvind Fashions Limited,Consumer Cyclical,Apparel - Manufacturers,NSE
ARVIND.NS,Arvind Limited,Consumer Cyclical,Apparel - Manufacturers,NSE
ASHIMASYN.NS,Ashima Limited,Consumer Cyclical,Apparel - Manufacturers,NSE
AXITA.NS,Axita Cotton Limited,Consumer Cyclical,Apparel - Manufacturers,NSE
AYMSYNTEX.NS,AYM Syntex Limited,Consumer Cyclical,Apparel - Manufacturers,NSE
BANG.NS,Bang Overseas Limited,Consumer Cyclical,Apparel - Manufacturers,NSE
BANSWRAS.NS,Banswara Syntex Limited,Consumer Cyclical,Apparel - Manufacturers,NSE
BASML.NS,Bannari Amman Spinning Mills Ltd,Consumer Cyclical,Apparel - Manufacturers,NSE
BHANDARI.NS,Bhandari Hosiery Exports Limited,Consumer Cyclical,Apparel - Manufacturers,NSE
BOMDYEING.NS,The Bombay Dyeing and Manufacturing Company Limited,Consumer Cyclical,Apparel - Manufacturers,NSE
BSL.NS,BSL Limited,Consumer Cyclical,Apparel - Manufacturers,NSE
CANTABIL.NS,Cantabil Retail India Limited,Consumer Cyclical,Apparel - Manufacturers,NSE
CELEBRITY.NS,Celebrity Fashions Limited,Consumer Cyclical,Apparel - Manufacturers,NSE
CENTENKA.NS,Century Enka Limited,Consumer Cyclical,Apparel - Manufacturers,NSE
CHEVIOT.NS,Cheviot Company Limited,Consumer Cyclical,Apparel - Manufacturers,NSE
DAMODARIND.NS,Damodar Industries Limited,Consumer Cyclical,Apparel - Manufacturers,NSE
DCMNVL.NS,DCM Nouvelle Limited,Consumer Cyclical,Apparel - Manufacturers,NSE
DOLLAR.NS,Dollar Industries Limited,Consumer Cyclical,Apparel - Manufacturers,NSE
DONEAR.NS,Donear Industries Limited,Consumer Cyclical,Apparel - Manufacturers,NSE
EASTSILK.NS,Eastern Silk Industries Ltd.,Consumer Cyclical,Apparel - Manufacturers,NSE
EUROTEXIND.NS,Eurotex Industries and Exports Limited,Consumer Cyclical,Apparel - Manufacturers,NSE
FAZE3Q.NS,Faze Three Limited,Consumer Cyclical,Apparel - Manufacturers,NSE
FIBERWEB.NS,Fiberweb (India) Limited,Consumer Cyclical,Apparel - Manufacturers,NSE
FILATEX.NS,Filatex India Limited,Consumer Cyclical,Apparel - Manufacturers,NSE
FILATFASH.NS,Filatex Fashions Ltd.,Consumer Cyclical,Apparel - Manufacturers,NSE
FLEXITUFF.NS,Flexituff Ventures International Limited,Consumer Cyclical,Apparel - Manufacturers,NSE
FLFL.NS,Future Lifestyle Fashions Limited,Consumer Cyclical,Apparel - Manufacturers,NSE
GANECOS.NS,Ganesha Ecosphere Limited,Consumer Cyclical,Apparel - Manufacturers,NSE
GARFIBRES.NS,Garware Technical Fibres Limited,Consumer Cyclical,Apparel - Manufacturers,NSE
GHCLTEXTIL.NS,GHCL Textiles Limited,Consumer Cyclical,Apparel - Manufacturers,NSE
GINNIFILA.NS,Ginni Filaments Limited,Consumer Cyclical,Apparel - Manufacturers,NSE
GOKEX.NS,Gokaldas Exports Limited,Consumer Cyclical,Apparel - Manufacturers,NSE
HIMATSEIDE.NS,Himatsingka Seide Limited,Consumer Cyclical,Apparel - Manufacturers,NSE
ICIL.NS,Indo Count Industries Limited,Consumer Cyclical,Apparel - Manufacturers,NSE
INDIANCARD.NS,The Indian Card Clothing Company Limited,Consumer Cyclical,Apparel - Manufacturers,NSE
INDORAMA.NS,Indo Rama Synthetics (India) Limited,Consumer Cyclical,Apparel - Manufacturers,NSE
INDTERRAIN.NS,Indian Terrain Fashions Limited,Consumer Cyclical,Apparel - Manufacturers,NSE
IRISDOREME.NS,Iris Clothings Limited,Consumer Cyclical,Apparel - Manufacturers,NSE
JINDWORLD.NS,Jindal Worldwide Limited,Consumer Cyclical,Apparel - Manufacturers,NSE
KITEX.NS,Kitex Garments Limited,Consumer Cyclical,Apparel - Manufacturers,NSE
KKCL.NS,Kewal Kiran Clothing Limited,Consumer Cyclical,Apparel - Manufacturers,NSE
KPRMILL.NS,K.P.R. Mill Limited,Consumer Cyclical,Apparel - Manufacturers,NSE
LAGNAM.NS,Lagnam Spintex Limited,Consumer Cyclical,Apparel - Manufacturers,NSE
LAL.NS,Lorenzini Apparels Limited,Consumer Cyclical,Apparel - Manufacturers,NSE
LAMBODHARA.NS,Lambodhara Textiles Limited,Consumer Cyclical,Apparel - Manufacturers,NSE
LAXMICOT.NS,Laxmi Cotspin Limited,Consumer Cyclical,Apparel - Manufacturers,NSE
LIBAS.NS,Libas Consumer Products Limited,Consumer Cyclical,Apparel - Manufacturers,NSE
LOVABLE.NS,Lovable Lingerie Limited,Consumer Cyclical,Apparel - Manufacturers,NSE
LOYALTEX.NS,Loyal Textile Mills Limited,Consumer Cyclical,Apparel - Manufacturers,NSE
LUXIND.NS,Lux Industries Limited,Consumer Cyclical,Apparel - Manufacturers,NSE
MARALOVER.NS,Maral Overseas Limited,Consumer Cyclical,Apparel - Manufacturers,NSE
MAYURUNIQ.NS,Mayur Uniquoters Limited,Consumer Cyclical,Apparel - Manufacturers,NSE
MHLXMIRU.NS,Mahalaxmi Rubtech Limited,Consumer Cyclical,Apparel - Manufacturers,NSE
MITTAL.NS,Mittal Life Style Limited,Consumer Cyclical,Apparel - Manufacturers,NSE
MOHITIND.NS,Mohit Industries Limited,Consumer Cyclical,Apparel - Manufacturers,NSE
MONTECARLO.NS,Monte Carlo Fashions Limited,Consumer Cyclical,Apparel - Manufacturers,NSE
MORARJEE.NS,Morarjee Textiles Limited,Consumer Cyclical,Apparel - Manufacturers,NSE
NAGREEKEXP.NS,Nagreeka Exports Limited,Consumer Cyclical,Apparel - Manufacturers,NSE
NAHARINDUS.NS,Nahar Industrial Enterprises Limited,Consumer Cyclical,Apparel - Manufacturers,NSE
NAHARSPING.NS,Nahar Spinning Mills Limited,Consumer Cyclical,Apparel - Manufacturers,NSE
NDL.NS,Nandan Denim Limited,Consumer Cyclical,Apparel - Manufacturers,NSE
NITINSPIN.NS,Nitin Spinners Limited,Consumer Cyclical,Apparel - Manufacturers,NSE
ORBTEXP.NS,Orbit Exports Limited,Consumer Cyclical,Apparel - Manufacturers,NSE
PAGEIND.NS,Page Industries Limited,Consumer Cyclical,Apparel - Manufacturers,NSE
PASUPTAC.NS,Pasupati Acrylon Limited,Consumer Cyclical,Apparel - Manufacturers,NSE
PGIL.NS,Pearl Global Industries Limited,Consumer Cyclical,Apparel - Manufacturers,NSE
PIONEEREMB.NS,Pioneer Embroideries Limited,Consumer Cyclical,Apparel - Manufacturers,NSE
PRECOT.NS,Precot Limited,Consumer Cyclical,Apparel - Manufacturers,NSE
RAJRILTD.NS,Raj Rayon Industries Limited,Consumer Cyclical,Apparel - Manufacturers,NSE
RAJVIR.NS,Rajvir Industries Ltd.,Consumer Cyclical,Apparel - Manufacturers,NSE
RAYMONDLSL.NS,Raymond Lifestyle Ltd.,Consumer Cyclical,Apparel - Manufacturers,NSE
RAYMOND.NS,Raymond Limited,Consumer Cyclical,Apparel - Manufacturers,NSE
RELCHEMQ.NS,Reliance Chemotex Industries Limited,Consumer Cyclical,Apparel - Manufacturers,NSE
RSWM.NS,RSWM Limited,Consumer Cyclical,Apparel - Manufacturers,NSE
RUBYMILLS.NS,The Ruby Mills Limited,Consumer Cyclical,Apparel - Manufacturers,NSE
RUPA.NS,Rupa & Company Limited,Consumer Cyclical,Apparel - Manufacturers,NSE
SALONA.NS,Salona Cotspin Limited,Consumer Cyclical,Apparel - Manufacturers,NSE
SANGAMIND.NS,Sangam (India) Limited,Consumer Cyclical,Apparel - Manufacturers,NSE
SARLAPOLY.NS,Sarla Performance Fibers Limited,Consumer Cyclical,Apparel - Manufacturers,NSE
SELMC.NS,SEL Manufacturing Company Limited,Consumer Cyclical,Apparel - Manufacturers,NSE
SGL.NS,STL Global Limited,Consumer Cyclical,Apparel - Manufacturers,NSE
SHIVAMILLS.NS,Shiva Mills Limited,Consumer Cyclical,Apparel - Manufacturers,NSE
SIL.NS,Standard Industries Limited,Consumer Cyclical,Apparel - Manufacturers,NSE
SIYSIL.NS,Siyaram Silk Mills Limited,Consumer Cyclical,Apparel - Manufacturers,NSE
SOMATEX.NS,Soma Textiles & Industries Limited,Consumer Cyclical,Apparel - Manufacturers,NSE
SPAL.NS,S.P. Apparels Limited,Consumer Cyclical,Apparel - Manufacturers,NSE
SPLIL.NS,SPL Industries Limited,Consumer Cyclical,Apparel - Manufacturers,NSE
SPORTKING.NS,Sportking India Limited,Consumer Cyclical,Apparel - Manufacturers,NSE
SUMEETINDS.NS,Sumeet Industries Ltd.,Consumer Cyclical,Apparel - Manufacturers,NSE
SUPERSPIN.NS,Super Spinning Mills Limited,Consumer Cyclical,Apparel - Manufacturers,NSE
SURYALAXMI.NS,Suryalakshmi Cotton Mills Limited,Consumer Cyclical,Apparel - Manufacturers,NSE
SUTLEJTEX.NS,Sutlej Textiles and Industries Limited,Consumer Cyclical,Apparel - Manufacturers,NSE
SVPGLOB.NS,SVP Global Textiles Limited,Consumer Cyclical,Apparel - Manufacturers,NSE
THOMASCOTT.NS,Thomas Scott (India) Limited,Consumer Cyclical,Apparel - Manufacturers,NSE
TRIDENT.NS,Trident Limited,Consumer Cyclical,Apparel - Manufacturers,NSE
TTL.NS,T.T. Limited,Consumer Cyclical,Apparel - Manufacturers,NSE
UNITEDPOLY.NS,United Polyfab Gujarat Limited,Consumer Cyclical,Apparel - Manufacturers,NSE
VARDHACRLC.NS,Vardhman Acrylics Limited,Consumer Cyclical,Apparel - Manufacturers,NSE
VARDMNPOLY.NS,Vardhman Polytex Limited,Consumer Cyclical,Apparel - Manufacturers,NSE
VCL.NS,Vaxtex Cotfab Limited,Consumer Cyclical,Apparel - Manufacturers,NSE
VINNY.NS,Vinny Overseas Limited,Consumer Cyclical,Apparel - Manufacturers,NSE
VIPCLOTHNG.NS,VIP Clothing Limited,Consumer Cyclical,Apparel - Manufacturers,NSE
VIVIDHA.NS,Visagar Polytex Limited,Consumer Cyclical,Apparel - Manufacturers,NSE
VTL.NS,Vardhman Textiles Limited,Consumer Cyclical,Apparel - Manufacturers,NSE
WEIZMANIND.NS,Weizmann Limited,Consumer Cyclical,Apparel - Manufacturers,NSE
WELSPUNLIV.NS,Welspun Living Limited,Consumer Cyclical,Apparel - Manufacturers,NSE
WINSOME.NS,Winsome Yarns Limited,Consumer Cyclical,Apparel - Manufacturers,NSE
ZENITHEXPO.NS,Zenith Exports Limited,Consumer Cyclical,Apparel - Manufacturers,NSE
ZODIACLOTH.NS,Zodiac Clothing Company Limited,Consumer Cyclical,Apparel - Manufacturers,NSE
ABLBL.NS,Aditya Birla Lifestyle Brands Ltd.,Consumer Cyclical,Apparel - Retail,NSE
GOCOLORS.NS,Go Fashion (India) Limited,Consumer Cyclical,Apparel - Retail,NSE
HEADSUP.NS,Heads UP Ventures Limited,Consumer Cyclical,Apparel - Retail,NSE
KALAMANDIR.NS,Sai Silks (Kalamandir) Limited,Consumer Cyclical,Apparel - Retail,NSE
MANYAVAR.NS,Vedant Fashions Limited,Consumer Cyclical,Apparel - Retail,NSE
MUFTI.NS,Credo Brands Marketing L,Consumer Cyclical,Apparel - Retail,NSE
SSDL.NS,Saraswati Saree Depot Ltd.,Consumer Cyclical,Apparel - Retail,NSE
STYLEBAAZA.NS,Baazar Style Retail Ltd.,Consumer Cyclical,Apparel - Retail,NSE
TRENT.NS,Trent Limited,Consumer Cyclical,Apparel - Retail,NSE
V2RETAIL.NS,V2 Retail Limited,Consumer Cyclical,Apparel - Retail,NSE
CARTRADE.NS,CarTrade Tech Limited,Consumer Cyclical,Auto - Dealerships,NSE
LANDMARK.NS,Landmark Cars Limited,Consumer Cyclical,Auto - Dealerships,NSE
PVSL.NS,Popular Vehicles and Services Limited,Consumer Cyclical,Auto - Dealerships,NSE
ATHERENERG.NS,Ather Energy Ltd.,Consumer Cyclical,Auto - Manufacturers,NSE
ATULAUTO.NS,Atul Auto Limited,Consumer Cyclical,Auto - Manufacturers,NSE
BAJAJ-AUTO.NS,Bajaj Auto Limited,Consumer Cyclical,Auto - Manufacturers,NSE
EICHERMOT.NS,Eicher Motors Limited,Consumer Cyclical,Auto - Manufacturers,NSE
FORCEMOT.NS,Force Motors Limited,Consumer Cyclical,Auto - Manufacturers,NSE
HEROMOTOCO.NS,Hero MotoCorp Limited,Consumer Cyclical,Auto - Manufacturers,NSE
HINDMOTORS.NS,Hindustan Motors Limited,Consumer Cyclical,Auto - Manufacturers,NSE
HYUNDAI.NS,Hyundai Motor India Ltd.,Consumer Cyclical,Auto - Manufacturers,NSE
MARUTI.NS,Maruti Suzuki India Limited,Consumer Cyclical,Auto - Manufacturers,NSE
M&M.NS,Mahindra & Mahindra Limited,Consumer Cyclical,Auto - Manufacturers,NSE
OLAELEC.NS,Ola Electric Mobility Limited,Consumer Cyclical,Auto - Manufacturers,NSE
OLECTRA.NS,Olectra Greentech Limited,Consumer Cyclical,Auto - Manufacturers,NSE
SMLMAH.NS,Sml Mahindra Ltd.,Consumer Cyclical,Auto - Manufacturers,NSE
TMCV.NS,Tata Motors Ltd.,Consumer Cyclical,Auto - Manufacturers,NSE
TMPV.NS,Tata Motors Passenger Vehicles Limited,Consumer Cyclical,Auto - Manufacturers,NSE
TUNWAL.NS,Tunwal E-Motors Ltd.,Consumer Cyclical,Auto - Manufacturers,NSE
TVSMOTOR.NS,TVS Motor Company Limited,Consumer Cyclical,Auto - Manufacturers,NSE
APOLLOTYRE.NS,Apollo Tyres Limited,Consumer Cyclical,Auto - Parts,NSE
ASAHIINDIA.NS,Asahi India Glass Limited,Consumer Cyclical,Auto - Parts,NSE
ASAL.NS,Automotive Stampings and Assemblies Limited,Consumer Cyclical,Auto - Parts,NSE
ASKAUTOLTD.NS,ASK Automotive Limited,Consumer Cyclical,Auto - Parts,NSE
AUTOAXLES.NS,Automotive Axles Limited,Consumer Cyclical,Auto - Parts,NSE
AUTOIND.NS,Autoline Industries Limited,Consumer Cyclical,Auto - Parts,NSE
BALKRISIND.NS,Balkrishna Industries Limited,Consumer Cyclical,Auto - Parts,NSE
BANCOINDIA.NS,Banco Products (India) Limited,Consumer Cyclical,Auto - Parts,NSE
BELRISE.NS,Belrise Industries Ltd.,Consumer Cyclical,Auto - Parts,NSE
BHARATFORG.NS,Bharat Forge Limited,Consumer Cyclical,Auto - Parts,NSE
BHARATGEAR.NS,Bharat Gears Limited,Consumer Cyclical,Auto - Parts,NSE
BHARATSE.NS,Bharat Seats Ltd.,Consumer Cyclical,Auto - Parts,NSE
BOSCHLTD.NS,Bosch Limited,Consumer Cyclical,Auto - Parts,NSE
CARRARO.NS,Carraro India Ltd.,Consumer Cyclical,Auto - Parts,NSE
CEATLTD.NS,CEAT Limited,Consumer Cyclical,Auto - Parts,NSE
CIEINDIA.NS,CIE Automotive India Limited,Consumer Cyclical,Auto - Parts,NSE
CRAFTSMAN.NS,Craftsman Automation Limited,Consumer Cyclical,Auto - Parts,NSE
DIVGIITTS.NS,Divgi TorqTransfer Systems Limited,Consumer Cyclical,Auto - Parts,NSE
DYNAMATECH.NS,Dynamatic Technologies Limited,Consumer Cyclical,Auto - Parts,NSE
ELGIRUBCO.NS,Elgi Rubber Company Limited,Consumer Cyclical,Auto - Parts,NSE
ENDURANCE.NS,Endurance Technologies Limited,Consumer Cyclical,Auto - Parts,NSE
EXIDEIND.NS,Exide Industries Limited,Consumer Cyclical,Auto - Parts,NSE
FIEMIND.NS,Fiem Industries Limited,Consumer Cyclical,Auto - Parts,NSE
FMGOETZE.NS,Federal-Mogul Goetze (India) Limited,Consumer Cyclical,Auto - Parts,NSE
GABRIEL.NS,Gabriel India Limited,Consumer Cyclical,Auto - Parts,NSE
GNA.NS,G N A Axles Limited,Consumer Cyclical,Auto - Parts,NSE
GRPLTD.NS,GRP Limited,Consumer Cyclical,Auto - Parts,NSE
HINDCOMPOS.NS,Hindustan Composites Limited,Consumer Cyclical,Auto - Parts,NSE
HITECHGEAR.NS,The Hi-Tech Gears Limited,Consumer Cyclical,Auto - Parts,NSE
IGARASHI.NS,Igarashi Motors India Limited,Consumer Cyclical,Auto - Parts,NSE
IMPAL.NS,India Motor Parts & Accessories Limited,Consumer Cyclical,Auto - Parts,NSE
INDNIPPON.NS,India Nippon Electricals Limited,Consumer Cyclical,Auto - Parts,NSE
JAMNAAUTO.NS,Jamna Auto Industries Limited,Consumer Cyclical,Auto - Parts,NSE
JAYBARMARU.NS,Jay Bharat Maruti Limited,Consumer Cyclical,Auto - Parts,NSE
JBMA.NS,JBM Auto Limited,Consumer Cyclical,Auto - Parts,NSE
JKTYRE.NS,JK Tyre & Industries Limited,Consumer Cyclical,Auto - Parts,NSE
JMA.NS,Jullundur Motor Agency (Delhi) Limited,Consumer Cyclical,Auto - Parts,NSE
JTEKTINDIA.NS,JTEKT India Limited,Consumer Cyclical,Auto - Parts,NSE
KALYANIFRG.NS,Kalyani Forge Limited,Consumer Cyclical,Auto - Parts,NSE
KROSS.NS,Kross Ltd.,Consumer Cyclical,Auto - Parts,NSE
LGBBROSLTD.NS,L.G. Balakrishnan & Bros Limited,Consumer Cyclical,Auto - Parts,NSE
LUMAXIND.NS,Lumax Industries Limited,Consumer Cyclical,Auto - Parts,NSE
LUMAXTECH.NS,Lumax Auto Technologies Limited,Consumer Cyclical,Auto - Parts,NSE
MAHSCOOTER.NS,Maharashtra Scooters Ltd.,Consumer Cyclical,Auto - Parts,NSE
MENONBE.NS,Menon Bearings Limited,Consumer Cyclical,Auto - Parts,NSE
MINDACORP.NS,Minda Corporation Limited,Consumer Cyclical,Auto - Parts,NSE
MOTHERSON.NS,Samvardhana Motherson International Limited,Consumer Cyclical,Auto - Parts,NSE
MRF.NS,MRF Limited,Consumer Cyclical,Auto - Parts,NSE
MSUMI.NS,Motherson Sumi Wiring India Limited,Consumer Cyclical,Auto - Parts,NSE
MUNJALAU.NS,Munjal Auto Industries Limited,Consumer Cyclical,Auto - Parts,NSE
MUNJALSHOW.NS,Munjal Showa Limited,Consumer Cyclical,Auto - Parts,NSE
NDRAUTO.NS,NDR Auto Components Limited,Consumer Cyclical,Auto - Parts,NSE
NRBBEARING.NS,NRB Bearings Limited,Consumer Cyclical,Auto - Parts,NSE
OMAXAUTO.NS,Omax Autos Limited,Consumer Cyclical,Auto - Parts,NSE
PAVNAIND.NS,Pavna Industries Limited,Consumer Cyclical,Auto - Parts,NSE
PPAP.NS,PPAP Automotive Limited,Consumer Cyclical,Auto - Parts,NSE
PRECAM.NS,Precision Camshafts Limited,Consumer Cyclical,Auto - Parts,NSE
PRICOLLTD.NS,Pricol Limited,Consumer Cyclical,Auto - Parts,NSE
PRITIKA.NS,Pritika Engineering Components Ltd.,Consumer Cyclical,Auto - Parts,NSE
RACLGEAR.NS,RACL Geartech Ltd.,Consumer Cyclical,Auto - Parts,NSE
RANEHOLDIN.NS,Rane Holdings Limited,Consumer Cyclical,Auto - Parts,NSE
REMSONSIND.NS,Remsons Industries Limited,Consumer Cyclical,Auto - Parts,NSE
RICOAUTO.NS,Rico Auto Industries Limited,Consumer Cyclical,Auto - Parts,NSE
RML.NS,Rane (Madras) Limited,Consumer Cyclical,Auto - Parts,NSE
SANDHAR.NS,Sandhar Technologies Limited,Consumer Cyclical,Auto - Parts,NSE
SCHAEFFLER.NS,Schaeffler India Limited,Consumer Cyclical,Auto - Parts,NSE
SETCO.NS,Setco Automotive Limited,Consumer Cyclical,Auto - Parts,NSE
SHARDAMOTR.NS,Sharda Motor Industries Limited,Consumer Cyclical,Auto - Parts,NSE
SHIVAMAUTO.NS,Shivam Autotech Limited,Consumer Cyclical,Auto - Parts,NSE
SHRIPISTON.NS,Shriram Pistons & Rings Limited,Consumer Cyclical,Auto - Parts,NSE
SINTERCOM.NS,Sintercom India Limited,Consumer Cyclical,Auto - Parts,NSE
SJS.NS,S.J.S. Enterprises Limited,Consumer Cyclical,Auto - Parts,NSE
SONACOMS.NS,Sona BLW Precision Forgings Limited,Consumer Cyclical,Auto - Parts,NSE
SSWL.NS,Steel Strips Wheels Limited,Consumer Cyclical,Auto - Parts,NSE
SUBROS.NS,Subros Limited,Consumer Cyclical,Auto - Parts,NSE
SUNDRMBRAK.NS,Sundaram Brake Linings Limited,Consumer Cyclical,Auto - Parts,NSE
SUNDRMFAST.NS,Sundram Fasteners Limited,Consumer Cyclical,Auto - Parts,NSE
SUPRAJIT.NS,Suprajit Engineering Limited,Consumer Cyclical,Auto - Parts,NSE
SWARAJENG.NS,Swaraj Engines Limited,Consumer Cyclical,Auto - Parts,NSE
TALBROAUTO.NS,Talbros Automotive Components Limited,Consumer Cyclical,Auto - Parts,NSE
TCL.NS,Thaai Casting Ltd.,Consumer Cyclical,Auto - Parts,NSE
TOLINS.NS,Tolins Tyres Ltd.,Consumer Cyclical,Auto - Parts,NSE
TVSHLTD.NS,TVS Holdings Limited,Consumer Cyclical,Auto - Parts,NSE
TVSSRICHAK.NS,TVS Srichakra Limited,Consumer Cyclical,Auto - Parts,NSE
UCAL.NS,Ucal Ltd.,Consumer Cyclical,Auto - Parts,NSE
UNOMINDA.NS,UNO Minda Limited,Consumer Cyclical,Auto - Parts,NSE
URAVIDEF.NS,Uravi Defence & Technology Ltd.,Consumer Cyclical,Auto - Parts,NSE
VARROC.NS,Varroc Engineering Limited,Consumer Cyclical,Auto - Parts,NSE
VIAZ.NS,Viaz Tyres Ltd.,Consumer Cyclical,Auto - Parts,NSE
WHEELS.NS,Wheels India Limited,Consumer Cyclical,Auto - Parts,NSE
ZFCVINDIA.NS,ZF Commercial Vehicle Control Systems India Limited,Consumer Cyclical,Auto - Parts,NSE
FEL.NS,Future Enterprises Limited,Consumer Cyclical,Department Stores,NSE
OSIAHYPER.NS,Osia Hyper Retail Limited,Consumer Cyclical,Department Stores,NSE
PATELRMART.NS,Patel Retail Ltd.,Consumer Cyclical,Department Stores,NSE
SHOPERSTOP.NS,Shoppers Stop Limited,Consumer Cyclical,Department Stores,NSE
SPENCERS.NS,Spencer's Retail Limited,Consumer Cyclical,Department Stores,NSE
VMART.NS,V-Mart Retail Limited,Consumer Cyclical,Department Stores,NSE
VMM.NS,Vishal Mega Mart Ltd.,Consumer Cyclical,Department Stores,NSE
ADL.NS,Archidply Decor Limited,Consumer Cyclical,"Furnishings, Fixtures & Appliances",NSE
AIROLAM.NS,Airo Lam Limited,Consumer Cyclical,"Furnishings, Fixtures & Appliances",NSE
AMBER.NS,Amber Enterprises India Limited,Consumer Cyclical,"Furnishings, Fixtures & Appliances",NSE
AVROIND.NS,Avro India Limited,Consumer Cyclical,"Furnishings, Fixtures & Appliances",NSE
BAJAJELEC.NS,Bajaj Electricals Limited,Consumer Cyclical,"Furnishings, Fixtures & Appliances",NSE
BOROLTD.NS,Borosil Limited,Consumer Cyclical,"Furnishings, Fixtures & Appliances",NSE
BOSCH-HCIL.NS,Bosch Home Comfort India Limited,Consumer Cyclical,"Furnishings, Fixtures & Appliances",NSE
BUTTERFLY.NS,Butterfly Gandhimathi Appliances Limited,Consumer Cyclical,"Furnishings, Fixtures & Appliances",NSE
CARYSIL.NS,Carysil Limited,Consumer Cyclical,"Furnishings, Fixtures & Appliances",NSE
CELLECOR.NS,Cellecor Gadgets Ltd.,Consumer Cyclical,"Furnishings, Fixtures & Appliances",NSE
CELLO.NS,Cello World Limited,Consumer Cyclical,"Furnishings, Fixtures & Appliances",NSE
CELLPOINT.NS,Cell Point (India) Ltd.,Consumer Cyclical,"Furnishings, Fixtures & Appliances",NSE
CROMPTON.NS,Crompton Greaves Consumer Electricals Limited,Consumer Cyclical,"Furnishings, Fixtures & Appliances",NSE
EUREKAFORB.NS,Eureka Forbes Ltd.,Consumer Cyclical,"Furnishings, Fixtures & Appliances",NSE
FOCUS.NS,Focus Lighting and Fixtures Limited,Consumer Cyclical,"Furnishings, Fixtures & Appliances",NSE
FONEBOX.NS,Fonebox Retail Ltd.,Consumer Cyclical,"Furnishings, Fixtures & Appliances",NSE
GREENCHEF.NS,Greenchef Appliances Ltd.,Consumer Cyclical,"Furnishings, Fixtures & Appliances",NSE
GREENLAM.NS,Greenlam Industries Limited,Consumer Cyclical,"Furnishings, Fixtures & Appliances",NSE
HINDWAREAP.NS,Hindware Home Innovation Limited,Consumer Cyclical,"Furnishings, Fixtures & Appliances",NSE
IFBIND.NS,IFB Industries Limited,Consumer Cyclical,"Furnishings, Fixtures & Appliances",NSE
KHAITANLTD.NS,Khaitan (India) Limited,Consumer Cyclical,"Furnishings, Fixtures & Appliances",NSE
LAOPALA.NS,La Opala RG Limited,Consumer Cyclical,"Furnishings, Fixtures & Appliances",NSE
MIRCELECTR.NS,MIRC Electronics Limited,Consumer Cyclical,"Furnishings, Fixtures & Appliances",NSE
NEWJAISA.NS,Newjaisa Technologies Ltd.,Consumer Cyclical,"Furnishings, Fixtures & Appliances",NSE
NILKAMAL.NS,Nilkamal Limited,Consumer Cyclical,"Furnishings, Fixtures & Appliances",NSE
ORIENTELEC.NS,Orient Electric Limited,Consumer Cyclical,"Furnishings, Fixtures & Appliances",NSE
PARIN.NS,Parin Enterprises Ltd.,Consumer Cyclical,"Furnishings, Fixtures & Appliances",NSE
PILITA.NS,Pil Italica Lifestyle Limited,Consumer Cyclical,"Furnishings, Fixtures & Appliances",NSE
PRITI.NS,Priti International Limited,Consumer Cyclical,"Furnishings, Fixtures & Appliances",NSE
PULZ.NS,Pulz Electronics Ltd.,Consumer Cyclical,"Furnishings, Fixtures & Appliances",NSE
RUSHIL.NS,Rushil Décor Limited,Consumer Cyclical,"Furnishings, Fixtures & Appliances",NSE
SFL.NS,Sheela Foam Limited,Consumer Cyclical,"Furnishings, Fixtures & Appliances",NSE
SONAMLTD.NS,Sonam Limited,Consumer Cyclical,"Furnishings, Fixtures & Appliances",NSE
STANLEY.NS,Stanley Lifestyles Ltd.,Consumer Cyclical,"Furnishings, Fixtures & Appliances",NSE
STOVEKRAFT.NS,Stove Kraft Limited,Consumer Cyclical,"Furnishings, Fixtures & Appliances",NSE
STYLAMIND.NS,Stylam Industries Limited,Consumer Cyclical,"Furnishings, Fixtures & Appliances",NSE
SYMPHONY.NS,Symphony Limited,Consumer Cyclical,"Furnishings, Fixtures & Appliances",NSE
TTKPRESTIG.NS,TTK Prestige Limited,Consumer Cyclical,"Furnishings, Fixtures & Appliances",NSE
WAKEFIT.NS,Wakefit Innovations Ltd.,Consumer Cyclical,"Furnishings, Fixtures & Appliances",NSE
WEL.NS,Wonder Electricals Ltd.,Consumer Cyclical,"Furnishings, Fixtures & Appliances",NSE
WHIRLPOOL.NS,Whirlpool of India Limited,Consumer Cyclical,"Furnishings, Fixtures & Appliances",NSE
DELTACORP.NS,Delta Corp Limited,Consumer Cyclical,"Gambling, Resorts & Casinos",NSE
ITCHOTELS.NS,ITC Hotels Ltd,Consumer Cyclical,"Gambling, Resorts & Casinos",NSE
MHRIL.NS,Mahindra Holidays & Resorts India Limited,Consumer Cyclical,"Gambling, Resorts & Casinos",NSE
SHANKARA.NS,Shankara Building Products Limited,Consumer Cyclical,Home Improvement,NSE
URBANCO.NS,Urban Company Limited,Consumer Cyclical,Home Improvement,NSE
ATLASCYCLE.NS,Atlas Cycles (Haryana) Limited,Consumer Cyclical,Leisure,NSE
PRAMARA.NS,Pramara Promotions Ltd.,Consumer Cyclical,Leisure,NSE
WONDERLA.NS,Wonderla Holidays Limited,Consumer Cyclical,Leisure,NSE
BLUESTONE.NS,Bluestone Jewellery & Lifestyle Ltd.,Consumer Cyclical,Luxury Goods,NSE
DPABHUSHAN.NS,D. P. Abhushan Limited,Consumer Cyclical,Luxury Goods,NSE
ETHOSLTD.NS,Ethos Limited,Consumer Cyclical,Luxury Goods,NSE
GOLDIAM.NS,Goldiam International Limited,Consumer Cyclical,Luxury Goods,NSE
KALYANKJIL.NS,Kalyan Jewellers India Limited,Consumer Cyclical,Luxury Goods,NSE
KANANIIND.NS,Kanani Industries Limited,Consumer Cyclical,Luxury Goods,NSE
KDDL.NS,KDDL Limited,Consumer Cyclical,Luxury Goods,NSE
LGHL.NS,Laxmi Goldorna House Ltd,Consumer Cyclical,Luxury Goods,NSE
LYPSAGEMS.NS,Lypsa Gems & Jewellery Limited,Consumer Cyclical,Luxury Goods,NSE
MOKSH.NS,Moksh Ornaments Limited,Consumer Cyclical,Luxury Goods,NSE
MOTISONS.NS,Motisons Jewellers Ltd,Consumer Cyclical,Luxury Goods,NSE
MVGJL.NS,Manoj Vaibhav Gems 'N' Jewellers Limited,Consumer Cyclical,Luxury Goods,NSE
PCJEWELLER.NS,PC Jeweller Limited,Consumer Cyclical,Luxury Goods,NSE
PNGJL.NS,P. N. Gadgil Jewellers Ltd.,Consumer Cyclical,Luxury Goods,NSE
RADHIKAJWE.NS,Radhika Jeweltech Limited,Consumer Cyclical,Luxury Goods,NSE
RAJESHEXPO.NS,Rajesh Exports Limited,Consumer Cyclical,Luxury Goods,NSE
RBZJEWEL.NS,RBZ Jewellers Limited,Consumer Cyclical,Luxury Goods,NSE
RGL.NS,Renaissance Global Limited,Consumer Cyclical,Luxury Goods,NSE
SENCO.NS,Senco Gold Limited,Consumer Cyclical,Luxury Goods,NSE
SHANTIGOLD.NS,Shanti Gold Internation L,Consumer Cyclical,Luxury Goods,NSE
SILGO.NS,Silgo Retail Limited,Consumer Cyclical,Luxury Goods,NSE
SKYGOLD.NS,Sky Gold Limited,Consumer Cyclical,Luxury Goods,NSE
TBZ.NS,Tribhovandas Bhimji Zaveri Limited,Consumer Cyclical,Luxury Goods,NSE
THANGAMAYL.NS,Thangamayil Jewellery Limited,Consumer Cyclical,Luxury Goods,NSE
TITAN.NS,Titan Company Limited,Consumer Cyclical,Luxury Goods,NSE
VAIBHAVGBL.NS,Vaibhav Global Limited,Consumer Cyclical,Luxury Goods,NSE
ABCOTS.NS,AB Cotspin India Ltd.,Consumer Cyclical,Manufacturing - Textiles,NSE
BELLACASA.NS,Bella Casa Fashion & Retail Ltd.,Consumer Cyclical,Manufacturing - Textiles,NSE
BORANA.NS,Borana Weaves Ltd.,Consumer Cyclical,Manufacturing - Textiles,NSE
PASHUPATI.NS,Pashupati Cotspin Ltd.,Consumer Cyclical,Manufacturing - Textiles,NSE
RNBDENIMS.NS,R&B Denims Ltd,Consumer Cyclical,Manufacturing - Textiles,NSE
SANATHAN.NS,Sanathan Textiles Ltd.,Consumer Cyclical,Manufacturing - Textiles,NSE
SHEKHAWATI.NS,Shekhawati Industries Ltd.,Consumer Cyclical,Manufacturing - Textiles,NSE
VGL.NS,Varvee Global Ltd.,Consumer Cyclical,Manufacturing - Textiles,NSE
AERONEU.NS,Aeroflex Neu Limited,Consumer Cyclical,Packaging & Containers,NSE
AMDIND.NS,AMD Industries Limited,Consumer Cyclical,Packaging & Containers,NSE
ANTGRAPHIC.NS,Antarctica Limited,Consumer Cyclical,Packaging & Containers,NSE
ARROWGREEN.NS,Arrow Greentech Limited,Consumer Cyclical,Packaging & Containers,NSE
BALAJEE.NS,Shree Tirupati Balajee Agro Trading Co. Ltd.,Consumer Cyclical,Packaging & Containers,NSE
BALKRISHNA.NS,Balkrishna Paper Mills Limited,Consumer Cyclical,Packaging & Containers,NSE
BBTCL.NS,B&B Triplewall Containers Limited,Consumer Cyclical,Packaging & Containers,NSE
BORORENEW.NS,Borosil Renewables Limited,Consumer Cyclical,Packaging & Containers,NSE
BOROSCI.NS,Borosil Scientific Ltd.,Consumer Cyclical,Packaging & Containers,NSE
COMSYN.NS,Commercial Syn Bags Limited,Consumer Cyclical,Packaging & Containers,NSE
COSMOFIRST.NS,Cosmo First Limited,Consumer Cyclical,Packaging & Containers,NSE
DKEGL.NS,D.K. Enterprises Global Ltd.,Consumer Cyclical,Packaging & Containers,NSE
EMMBI.NS,Emmbi Industries Limited,Consumer Cyclical,Packaging & Containers,NSE
EPL.NS,EPL Limited,Consumer Cyclical,Packaging & Containers,NSE
HITECHCORP.NS,Hitech Corporation Limited,Consumer Cyclical,Packaging & Containers,NSE
HUHTAMAKI.NS,Huhtamaki India Limited,Consumer Cyclical,Packaging & Containers,NSE
KANPRPLA.NS,Kanpur Plastipack Limited,Consumer Cyclical,Packaging & Containers,NSE
KSHITIJPOL.NS,Kshitij Polyline Limited,Consumer Cyclical,Packaging & Containers,NSE
MEGAFLEX.NS,Mega Flex Plastics Ltd.,Consumer Cyclical,Packaging & Containers,NSE
MOLDTKPAC.NS,Mold-Tek Packaging Limited,Consumer Cyclical,Packaging & Containers,NSE
NAHARPOLY.NS,Nahar Poly Films Limited,Consumer Cyclical,Packaging & Containers,NSE
ORICONENT.NS,Oricon Enterprises Limited,Consumer Cyclical,Packaging & Containers,NSE
ORIENTLTD.NS,Orient Press Limited,Consumer Cyclical,Packaging & Containers,NSE
PEARLPOLY.NS,Pearl Polymers Limited,Consumer Cyclical,Packaging & Containers,NSE
PURVFLEXI.NS,Purv Flexipack Ltd.,Consumer Cyclical,Packaging & Containers,NSE
PYRAMID.NS,Pyramid Technoplast Limited,Consumer Cyclical,Packaging & Containers,NSE
RPPL.NS,Rajshree Polypack Limited,Consumer Cyclical,Packaging & Containers,NSE
SABAR.NS,Sabar Flex India Ltd.,Consumer Cyclical,Packaging & Containers,NSE
SHREERAMA.NS,Shree Rama Multi-Tech Limited,Consumer Cyclical,Packaging & Containers,NSE
TCPLPACK.NS,TCPL Packaging Limited,Consumer Cyclical,Packaging & Containers,NSE
TIMETECHNO.NS,Time Technoplast Limited,Consumer Cyclical,Packaging & Containers,NSE
TIRUPATI.NS,Shree Tirupati Balajee FIBC Ltd.,Consumer Cyclical,Packaging & Containers,NSE
TOKYOPLAST.NS,Tokyo Plast International Limited,Consumer Cyclical,Packaging & Containers,NSE
TPLPLASTEH.NS,TPL Plastech Limited,Consumer Cyclical,Packaging & Containers,NSE
UFLEX.NS,Uflex Limited,Consumer Cyclical,Packaging & Containers,NSE
UMA.NS,Uma Converter Ltd.,Consumer Cyclical,Packaging & Containers,NSE
WORTHPERI.NS,Worth Peripherals Limited,Consumer Cyclical,Packaging & Containers,NSE
SHUBHLAXMI.NS,Shubhlaxmi Jewel Art Ltd.,Consumer Cyclical,Personal Products & Services,NSE
CHAVDA.NS,Chavda Infra Ltd.,Consumer Cyclical,Residential Construction,NSE
COFFEEDAY.NS,Coffee Day Enterprises Limited,Consumer Cyclical,Restaurants,NSE
DANGEE.NS,Dangee Dums Limited,Consumer Cyclical,Restaurants,NSE
DEVYANI.NS,Devyani International Limited,Consumer Cyclical,Restaurants,NSE
JUBLFOOD.NS,Jubilant FoodWorks Limited,Consumer Cyclical,Restaurants,NSE
RBA.NS,Restaurant Brands Asia Limited,Consumer Cyclical,Restaurants,NSE
SAPPHIRE.NS,Sapphire Foods India Limited,Consumer Cyclical,Restaurants,NSE
SPECIALITY.NS,Speciality Restaurants Limited,Consumer Cyclical,Restaurants,NSE
UFBL.NS,United Foodbrands Ltd.,Consumer Cyclical,Restaurants,NSE
WESTLIFE.NS,Westlife Foodworld Limited,Consumer Cyclical,Restaurants,NSE
ARCHIES.NS,Archies Limited,Consumer Cyclical,Specialty Retail,NSE
AVL.NS,Aditya Vision Ltd.,Consumer Cyclical,Specialty Retail,NSE
DENTALKART.NS,Vasa Denticity Ltd.,Consumer Cyclical,Specialty Retail,NSE
DIGIDRIVE.NS,Digidrive Distributors Limited,Consumer Cyclical,Specialty Retail,NSE
EMIL.NS,Electronics Mart India Limited,Consumer Cyclical,Specialty Retail,NSE
ISFT.NS,IntraSoft Technologies Limited,Consumer Cyclical,Specialty Retail,NSE
MEESHO.NS,Meesho Ltd.,Consumer Cyclical,Specialty Retail,NSE
NYKAA.NS,FSN E-Commerce Ventures Limited,Consumer Cyclical,Specialty Retail,NSE
PRAXIS.NS,Praxis Home Retail Limited,Consumer Cyclical,Specialty Retail,NSE
RTNINDIA.NS,RattanIndia Enterprises Limited,Consumer Cyclical,Specialty Retail,NSE
SWIGGY.NS,Swiggy Limited,Consumer Cyclical,Specialty Retail,NSE
WOMANCART.NS,Womancart Ltd.,Consumer Cyclical,Specialty Retail,NSE
ADVANIHOTR.NS,Advani Hotels & Resorts (India) Limited,Consumer Cyclical,Travel Lodging,NSE
AHLEAST.NS,Asian Hotels (East) Limited,Consumer Cyclical,Travel Lodging,NSE
AHLWEST.NS,Asian Hotels (West) Ltd,Consumer Cyclical,Travel Lodging,NSE
APOLSINHOT.NS,Apollo Sindoori Hotels Limited,Consumer Cyclical,Travel Lodging,NSE
ASIANHOTNR.NS,Asian Hotels (North) Limited,Consumer Cyclical,Travel Lodging,NSE
BLUECOAST.NS,Blue Coast Hotels Limited,Consumer Cyclical,Travel Lodging,NSE
BRIGHOTEL.NS,Brigade Hotel Venture Ltd.,Consumer Cyclical,Travel Lodging,NSE
BYKE.NS,The Byke Hospitality Limited,Consumer Cyclical,Travel Lodging,NSE
CCHHL.NS,Country Club Hospitality & Holidays Limited,Consumer Cyclical,Travel Lodging,NSE
CHALET.NS,Chalet Hotels Limited,Consumer Cyclical,Travel Lodging,NSE
EIHAHOTELS.NS,EIH Associated Hotels Limited,Consumer Cyclical,Travel Lodging,NSE
EIHOTEL.NS,EIH Limited,Consumer Cyclical,Travel Lodging,NSE
HAVISHA.NS,Sri Havisha Hospitality and Infrastructure Limited,Consumer Cyclical,Travel Lodging,NSE
HLVLTD.NS,HLV Limited,Consumer Cyclical,Travel Lodging,NSE
INDHOTEL.NS,The Indian Hotels Company Limited,Consumer Cyclical,Travel Lodging,NSE
ITDC.NS,India Tourism Development Corporation Limited,Consumer Cyclical,Travel Lodging,NSE
JUNIPER.NS,Juniper Hotels Limited,Consumer Cyclical,Travel Lodging,NSE
KAMATHOTEL.NS,Kamat Hotels (India) Limited,Consumer Cyclical,Travel Lodging,NSE
LEMONTREE.NS,Lemon Tree Hotels Limited,Consumer Cyclical,Travel Lodging,NSE
ORIENTHOT.NS,Oriental Hotels Limited,Consumer Cyclical,Travel Lodging,NSE
PARKHOTELS.NS,ParkHotels,Consumer Cyclical,Travel Lodging,NSE
RHL.NS,Robust Hotels Limited,Consumer Cyclical,Travel Lodging,NSE
ROHLTD.NS,Royal Orchid Hotels Limited,Consumer Cyclical,Travel Lodging,NSE
SAMHI.NS,SAMHI Hotels Limited,Consumer Cyclical,Travel Lodging,NSE
SINCLAIR.NS,Sinclairs Hotels Limited,Consumer Cyclical,Travel Lodging,NSE
TAJGVK.NS,TAJGVK Hotels & Resorts Limited,Consumer Cyclical,Travel Lodging,NSE
TGBHOTELS.NS,TGB Banquets and Hotels Limited,Consumer Cyclical,Travel Lodging,NSE
THELEELA.NS,Leela Palaces Hotels and Resorts Ltd.,Consumer Cyclical,Travel Lodging,NSE
VENTIVE.NS,Ventive Hospitality Ltd.,Consumer Cyclical,Travel Lodging,NSE
VHLTD.NS,Viceroy Hotels Limited,Consumer Cyclical,Travel Lodging,NSE
EASEMYTRIP.NS,Easy Trip Planners Limited,Consumer Cyclical,Travel Services,NSE
TBOTEK.NS,TBO Tek Ltd.,Consumer Cyclical,Travel Services,NSE
THOMASCOOK.NS,Thomas Cook (India) Limited,Consumer Cyclical,Travel Services,NSE
YATRA.NS,Yatra Online Limited,Consumer Cyclical,Travel Services,NSE
AGRITECH.NS,Agri-tech (India) Limited,Consumer Defensive,Agricultural Farm Products,NSE
APEX.NS,Apex Frozen Foods Limited,Consumer Defensive,Agricultural Farm Products,NSE
ASPINWALL.NS,Aspinwall and Company Limited,Consumer Defensive,Agricultural Farm Products,NSE
DBOL.NS,Dhampur Bio Organics Limited,Consumer Defensive,Agricultural Farm Products,NSE
DHANLAXMI.NS,Dhanlaxmi Crop Science Ltd.,Consumer Defensive,Agricultural Farm Products,NSE
GODREJAGRO.NS,Godrej Agrovet Limited,Consumer Defensive,Agricultural Farm Products,NSE
GROBTEA.NS,The Grob Tea Company Limited,Consumer Defensive,Agricultural Farm Products,NSE
HARRMALAYA.NS,Harrisons Malayalam Limited,Consumer Defensive,Agricultural Farm Products,NSE
JAYSREETEA.NS,Jay Shree Tea & Industries Limited,Consumer Defensive,Agricultural Farm Products,NSE
MGEL.NS,Mangalam Global Enterprise Limited,Consumer Defensive,Agricultural Farm Products,NSE
NORBTEAEXP.NS,Norben Tea & Exports Limited,Consumer Defensive,Agricultural Farm Products,NSE
PKTEA.NS,The Peria Karamalai Tea and Produce Company Limited,Consumer Defensive,Agricultural Farm Products,NSE
SAKUMA.NS,Sakuma Exports Limited,Consumer Defensive,Agricultural Farm Products,NSE
SANWARIA.NS,Sanwaria Consumer Limited,Consumer Defensive,Agricultural Farm Products,NSE
SHANTI.NS,Shanti Overseas (India) Limited,Consumer Defensive,Agricultural Farm Products,NSE
STEL.NS,STEL Holdings Limited,Consumer Defensive,Agricultural Farm Products,NSE
UMAEXPORTS.NS,Uma Exports Limited,Consumer Defensive,Agricultural Farm Products,NSE
UNITEDTEA.NS,The United Nilgiri Tea Estates Company Limited,Consumer Defensive,Agricultural Farm Products,NSE
VENKEYS.NS,Venky's (India) Limited,Consumer Defensive,Agricultural Farm Products,NSE
SDBL.NS,Som Distilleries & Breweries Limited,Consumer Defensive,Beverages - Alcoholic,NSE
UBL.NS,United Breweries Limited,Consumer Defensive,Beverages - Alcoholic,NSE
VBL.NS,Varun Beverages Limited,Consumer Defensive,Beverages - Non-Alcoholic,NSE
VINCOFE.NS,Vintage Coffee & Beverages Ltd,Consumer Defensive,Beverages - Non-Alcoholic,NSE
ABDL.NS,Allied Blenders & Distillers Ltd.,Consumer Defensive,Beverages - Wineries & Distilleries,NSE
ASALCBR.NS,Associated Alcohols & Breweries Limited,Consumer Defensive,Beverages - Wineries & Distilleries,NSE
GLOBUSSPR.NS,Globus Spirits Limited,Consumer Defensive,Beverages - Wineries & Distilleries,NSE
GMBREW.NS,G.M. Breweries Limited,Consumer Defensive,Beverages - Wineries & Distilleries,NSE
IFBAGRO.NS,IFB Agro Industries Limited,Consumer Defensive,Beverages - Wineries & Distilleries,NSE
PICCADIL.NS,Piccadily Agro Industries Ltd.,Consumer Defensive,Beverages - Wineries & Distilleries,NSE
RADICO.NS,Radico Khaitan Limited,Consumer Defensive,Beverages - Wineries & Distilleries,NSE
RKDL.NS,Ravi Kumar Distilleries Limited,Consumer Defensive,Beverages - Wineries & Distilleries,NSE
SULA.NS,Sula Vineyards Limited,Consumer Defensive,Beverages - Wineries & Distilleries,NSE
TI.NS,Tilaknagar Industries Ltd.,Consumer Defensive,Beverages - Wineries & Distilleries,NSE
UNITDSPR.NS,United Spirits Limited,Consumer Defensive,Beverages - Wineries & Distilleries,NSE
DMART.NS,Avenue Supermarts Limited,Consumer Defensive,Discount Stores,NSE
APTECHT.NS,Aptech Limited,Consumer Defensive,Education & Training Services,NSE
CLEDUCATE.NS,CL Educate Limited,Consumer Defensive,Education & Training Services,NSE
COMPUSOFT.NS,Compucom Software Limited,Consumer Defensive,Education & Training Services,NSE
CRIZAC.NS,Crizac Ltd.,Consumer Defensive,Education & Training Services,NSE
EDUCOMP.NS,Educomp Solutions Ltd.,Consumer Defensive,Education & Training Services,NSE
GLOBAL.NS,Global Education Limited,Consumer Defensive,Education & Training Services,NSE
GTECJAINX.NS,G-Tech Jainx Education Ltd.,Consumer Defensive,Education & Training Services,NSE
KEEPLEARN.NS,DSJ Keep Learning Limited,Consumer Defensive,Education & Training Services,NSE
LCCINFOTEC.NS,LCC Infotech Limited,Consumer Defensive,Education & Training Services,NSE
MTEDUCARE.NS,MT Educare Limited,Consumer Defensive,Education & Training Services,NSE
NIITLTD.NS,NIIT Limited,Consumer Defensive,Education & Training Services,NSE
NIITMTS.NS,NIIT Learning Systems Limited,Consumer Defensive,Education & Training Services,NSE
PWL.NS,Physicswallah Limited,Consumer Defensive,Education & Training Services,NSE
TREEHOUSE.NS,Tree House Education & Accessories Limited,Consumer Defensive,Education & Training Services,NSE
UMESLTD.NS,Usha Martin Education & Solutions Limited,Consumer Defensive,Education & Training Services,NSE
VERANDA.NS,Veranda Learning Solutions Limited,Consumer Defensive,Education & Training Services,NSE
ZEELEARN.NS,Zee Learn Limited,Consumer Defensive,Education & Training Services,NSE
ANNAPURNA.NS,Annapurna Swadisht Ltd.,Consumer Defensive,Food Confectioners,NSE
AVADHSUGAR.NS,Avadh Sugar & Energy Limited,Consumer Defensive,Food Confectioners,NSE
BAJAJHIND.NS,Bajaj Hindusthan Sugar Limited,Consumer Defensive,Food Confectioners,NSE
BALRAMCHIN.NS,Balrampur Chini Mills Limited,Consumer Defensive,Food Confectioners,NSE
BANARISUG.NS,Bannari Amman Sugars Limited,Consumer Defensive,Food Confectioners,NSE
DALMIASUG.NS,Dalmia Bharat Sugar and Industries Limited,Consumer Defensive,Food Confectioners,NSE
DAVANGERE.NS,Davangere Sugar Company Limited,Consumer Defensive,Food Confectioners,NSE
DCMSRIND.NS,DCM Shriram Industries Limited,Consumer Defensive,Food Confectioners,NSE
DHAMPURSUG.NS,Dhampur Sugar Mills Limited,Consumer Defensive,Food Confectioners,NSE
DWARKESH.NS,Dwarikesh Sugar Industries Limited,Consumer Defensive,Food Confectioners,NSE
GOYALSALT.NS,Goyal Salt Ltd.,Consumer Defensive,Food Confectioners,NSE
ITALIANE.NS,Italian Edibles Ltd.,Consumer Defensive,Food Confectioners,NSE
KCPSUGIND.NS,K.C.P. Sugar and Industries Corporation Limited,Consumer Defensive,Food Confectioners,NSE
KMSUGAR.NS,K.M. Sugar Mills Limited,Consumer Defensive,Food Confectioners,NSE
KOTARISUG.NS,Kothari Sugars and Chemicals Limited,Consumer Defensive,Food Confectioners,NSE
MAGADSUGAR.NS,Magadh Sugar & Energy Limited,Consumer Defensive,Food Confectioners,NSE
MAWANASUG.NS,Mawana Sugars Limited,Consumer Defensive,Food Confectioners,NSE
PONNIERODE.NS,Ponni Sugars (Erode) Limited,Consumer Defensive,Food Confectioners,NSE
PRUDMOULI.NS,Prudential Sugar Corp. Ltd.,Consumer Defensive,Food Confectioners,NSE
RAJSREESUG.NS,Rajshree Sugars and Chemicals Limited,Consumer Defensive,Food Confectioners,NSE
RANASUG.NS,Rana Sugars Limited,Consumer Defensive,Food Confectioners,NSE
RENUKA.NS,Shree Renuka Sugars Limited,Consumer Defensive,Food Confectioners,NSE
SAKHTISUG.NS,Sakthi Sugars Limited,Consumer Defensive,Food Confectioners,NSE
SHEETAL.NS,Sheetal Universal Ltd.,Consumer Defensive,Food Confectioners,NSE
SSFL.NS,Srivari Spices & Foods Ltd.,Consumer Defensive,Food Confectioners,NSE
TAPIFRUIT.NS,Tapi Fruit Processing Ltd.,Consumer Defensive,Food Confectioners,NSE
TRIVENI.NS,Triveni Engineering & Industries Limited,Consumer Defensive,Food Confectioners,NSE
UGARSUGAR.NS,The Ugar Sugar Works Limited,Consumer Defensive,Food Confectioners,NSE
UTTAMSUGAR.NS,Uttam Sugar Mills Limited,Consumer Defensive,Food Confectioners,NSE
VISHWARAJ.NS,Vishwaraj Sugar Industries Limited,Consumer Defensive,Food Confectioners,NSE
ANIKINDS.NS,Anik Industries Limited,Consumer Defensive,Food Distribution,NSE
DODLA.NS,Dodla Dairy Limited,Consumer Defensive,Food Distribution,NSE
FCONSUMER.NS,Future Consumer Ltd,Consumer Defensive,Food Distribution,NSE
MADHUSUDAN.NS,Madhusudan Masala Ltd.,Consumer Defensive,Food Distribution,NSE
PROV.NS,Proventus Agrocom Ltd.,Consumer Defensive,Food Distribution,NSE
SHANTHALA.NS,Shanthala FMCG Products Ltd.,Consumer Defensive,Food Distribution,NSE
MAGSON.NS,Magson Retail & Distribution Ltd.,Consumer Defensive,Grocery Stores,NSE
ONDOOR.NS,On Door Concepts Ltd.,Consumer Defensive,Grocery Stores,NSE
ALLTIME.NS,All Time Plastics Ltd.,Consumer Defensive,Household & Personal Products,NSE
AMBICAAGAR.NS,Ambica Agarbathies Aroma & Industries Limited,Consumer Defensive,Household & Personal Products,NSE
BAJAJCON.NS,Bajaj Consumer Care Limited,Consumer Defensive,Household & Personal Products,NSE
BCLIND.NS,BCL Industries Limited,Consumer Defensive,Household & Personal Products,NSE
COLPAL.NS,Colgate-Palmolive (India) Limited,Consumer Defensive,Household & Personal Products,NSE
CUPID.NS,Cupid Limited,Consumer Defensive,Household & Personal Products,NSE
DABUR.NS,Dabur India Limited,Consumer Defensive,Household & Personal Products,NSE
EMAMILTD.NS,Emami Limited,Consumer Defensive,Household & Personal Products,NSE
GILLETTE.NS,Gillette India Limited,Consumer Defensive,Household & Personal Products,NSE
GODREJCP.NS,Godrej Consumer Products Limited,Consumer Defensive,Household & Personal Products,NSE
HINDUNILVR.NS,Hindustan Unilever Limited,Consumer Defensive,Household & Personal Products,NSE
HONASA.NS,Honasa Consumer Limited,Consumer Defensive,Household & Personal Products,NSE
JHS.NS,JHS Svendgaard Laboratories Limited,Consumer Defensive,Household & Personal Products,NSE
JYOTHYLAB.NS,Jyothy Labs Limited,Consumer Defensive,Household & Personal Products,NSE
KAYA.NS,Kaya Limited,Consumer Defensive,Household & Personal Products,NSE
MARICO.NS,Marico Limited,Consumer Defensive,Household & Personal Products,NSE
NKIND.NS,N.K Industries Limited,Consumer Defensive,Household & Personal Products,NSE
PGHH.NS,Procter & Gamble Hygiene and Health Care Limited,Consumer Defensive,Household & Personal Products,NSE
ADFFOODS.NS,ADF Foods Limited,Consumer Defensive,Packaged Foods,NSE
AJOONI.NS,Ajooni Biotech Limited,Consumer Defensive,Packaged Foods,NSE
AKG.NS,AKG Exim Limited,Consumer Defensive,Packaged Foods,NSE
AVANTIFEED.NS,Avanti Feeds Limited,Consumer Defensive,Packaged Foods,NSE
AWL.NS,AWL Agri Business Ltd.,Consumer Defensive,Packaged Foods,NSE
BBTC.NS,"The Bombay Burmah Trading Corporation, Limited",Consumer Defensive,Packaged Foods,NSE
BECTORFOOD.NS,Mrs. Bectors Food Specialities Limited,Consumer Defensive,Packaged Foods,NSE
BIKAJI.NS,Bikaji Foods International Limited,Consumer Defensive,Packaged Foods,NSE
BRITANNIA.NS,Britannia Industries Limited,Consumer Defensive,Packaged Foods,NSE
CCL.NS,CCL Products (India) Limited,Consumer Defensive,Packaged Foods,NSE
CLSEL.NS,Chaman Lal Setia Exports Limited,Consumer Defensive,Packaged Foods,NSE
COASTCORP.NS,Coastal Corporation Limited,Consumer Defensive,Packaged Foods,NSE
DIAMONDYD.NS,Prataap Snacks Limited,Consumer Defensive,Packaged Foods,NSE
DTIL.NS,Dhunseri Tea & Industries Limited,Consumer Defensive,Packaged Foods,NSE
DVL.NS,Dhunseri Ventures Limited,Consumer Defensive,Packaged Foods,NSE
EIFFL.NS,Euro India Fresh Foods Limited,Consumer Defensive,Packaged Foods,NSE
FOODSIN.NS,Foods & Inns Ltd,Consumer Defensive,Packaged Foods,NSE
GAEL.NS,Gujarat Ambuja Exports Limited,Consumer Defensive,Packaged Foods,NSE
GANGESSECU.NS,Ganges Securities Limited,Consumer Defensive,Packaged Foods,NSE
GOKULAGRO.NS,Gokul Agro Resources Limited,Consumer Defensive,Packaged Foods,NSE
GOKUL.NS,Gokul Refoils & Solvent Limited,Consumer Defensive,Packaged Foods,NSE
GOPAL.NS,Gopal Snacks Limited,Consumer Defensive,Packaged Foods,NSE
GRMOVER.NS,GRM Overseas Limited,Consumer Defensive,Packaged Foods,NSE
HATSUN.NS,Hatsun Agro Product Limited,Consumer Defensive,Packaged Foods,NSE
HERITGFOOD.NS,Heritage Foods Limited,Consumer Defensive,Packaged Foods,NSE
HMAAGRO.NS,HMA Agro Industries Limited,Consumer Defensive,Packaged Foods,NSE
HNDFDS.NS,Hindustan Foods Limited,Consumer Defensive,Packaged Foods,NSE
KOHINOOR.NS,Kohinoor Foods Limited,Consumer Defensive,Packaged Foods,NSE
KRBL.NS,KRBL Limited,Consumer Defensive,Packaged Foods,NSE
KRISHIVAL.NS,Krishival Foods Ltd.,Consumer Defensive,Packaged Foods,NSE
KRITINUT.NS,Kriti Nutrients Limited,Consumer Defensive,Packaged Foods,NSE
LTFOODS.NS,LT Foods Limited,Consumer Defensive,Packaged Foods,NSE
MANORAMA.NS,Manorama Industries Limited,Consumer Defensive,Packaged Foods,NSE
MCLEODRUSS.NS,McLeod Russel India Limited,Consumer Defensive,Packaged Foods,NSE
MEGASTAR.NS,Megastar Foods Limited,Consumer Defensive,Packaged Foods,NSE
MKPL.NS,M. K. Proteins Limited,Consumer Defensive,Packaged Foods,NSE
MUKKA.NS,Mukka Proteins Limited,Consumer Defensive,Packaged Foods,NSE
NESTLEIND.NS,Nestlé India Limited,Consumer Defensive,Packaged Foods,NSE
NGIL.NS,Nakoda Group of Industries Limited,Consumer Defensive,Packaged Foods,NSE
ORKLAINDIA.NS,Orkla India Ltd.,Consumer Defensive,Packaged Foods,NSE
PALASHSECU.NS,Palash Securities Limited,Consumer Defensive,Packaged Foods,NSE
PARAGMILK.NS,Parag Milk Foods Limited,Consumer Defensive,Packaged Foods,NSE
PATANJALI.NS,Patanjali Foods Limited,Consumer Defensive,Packaged Foods,NSE
REGAAL.NS,Regaal Resources Ltd.,Consumer Defensive,Packaged Foods,NSE
ROML.NS,Raj Oil Mills Limited,Consumer Defensive,Packaged Foods,NSE
SARVESHWAR.NS,Sarveshwar Foods Limited,Consumer Defensive,Packaged Foods,NSE
SCPL.NS,Sheetal Cool Products Limited,Consumer Defensive,Packaged Foods,NSE
SKMEGGPROD.NS,SKM Egg Products Export (India) Limited,Consumer Defensive,Packaged Foods,NSE
SUNDROP.NS,Sundrop Brands Limited,Consumer Defensive,Packaged Foods,NSE
TASTYBITE.NS,Tasty Bite Eatables Limited,Consumer Defensive,Packaged Foods,NSE
TATACONSUM.NS,Tata Consumer Products Limited,Consumer Defensive,Packaged Foods,NSE
VADILALIND.NS,Vadilal Industries Limited,Consumer Defensive,Packaged Foods,NSE
ZYDUSWELL.NS,Zydus Wellness Limited,Consumer Defensive,Packaged Foods,NSE
GODFRYPHLP.NS,Godfrey Phillips India Limited,Consumer Defensive,Tobacco,NSE
GOLDENTOBC.NS,Golden Tobacco Limited,Consumer Defensive,Tobacco,NSE
ITC.NS,ITC Limited,Consumer Defensive,Tobacco,NSE
VSTIND.NS,VST Industries Limited,Consumer Defensive,Tobacco,NSE
ADANIENT.NS,Adani Enterprises Limited,Energy,Coal,NSE
ANMOL.NS,Anmol India Limited,Energy,Coal,NSE
COALINDIA.NS,Coal India Limited,Energy,Coal,NSE
GMDCLTD.NS,Gujarat Mineral Development Corporation Limited,Energy,Coal,NSE
REFEX.NS,Refex Industries Limited,Energy,Coal,NSE
AAKASH.NS,Aakash Exploration Services Limited,Energy,Oil & Gas Equipment & Services,NSE
AEGISVOPAK.NS,Aegis Vopak Terminals Ltd.,Energy,Oil & Gas Equipment & Services,NSE
ALPHAGEO.NS,Alphageo (India) Limited,Energy,Oil & Gas Equipment & Services,NSE
ASIANENE.NS,Asian Energy Services Limited,Energy,Oil & Gas Equipment & Services,NSE
DOLPHIN.NS,Dolphin Offshore Enterprises (India) Limited,Energy,Oil & Gas Equipment & Services,NSE
JINDRILL.NS,Jindal Drilling & Industries Limited,Energy,Oil & Gas Equipment & Services,NSE
LIKHITHA.NS,Likhitha Infrastructure Limited,Energy,Oil & Gas Equipment & Services,NSE
OILCOUNTUB.NS,Oil Country Tubular Limited,Energy,Oil & Gas Equipment & Services,NSE
PRATHAM.NS,Pratham EPC Projects Ltd.,Energy,Oil & Gas Equipment & Services,NSE
SOUTHWEST.NS,South West Pinnacle Exploration Limited,Energy,Oil & Gas Equipment & Services,NSE
UNIDT.NS,United Drilling Tools Limited,Energy,Oil & Gas Equipment & Services,NSE
ANTELOPUS.NS,Antelopus Selan Enrgy Ltd.,Energy,Oil & Gas Exploration & Production,NSE
DEEPINDS.NS,Deep Industries Limited,Energy,Oil & Gas Exploration & Production,NSE
HINDOILEXP.NS,Hindustan Oil Exploration Company Limited,Energy,Oil & Gas Exploration & Production,NSE
OIL.NS,Oil India Limited,Energy,Oil & Gas Exploration & Production,NSE
PRABHA.NS,Prabha Energy Ltd.,Energy,Oil & Gas Exploration & Production,NSE
ONGC.NS,Oil and Natural Gas Corporation Limited,Energy,Oil & Gas Integrated,NSE
AEGISLOG.NS,Aegis Logistics Limited,Energy,Oil & Gas Refining & Marketing,NSE
BPCL.NS,Bharat Petroleum Corporation Limited,Energy,Oil & Gas Refining & Marketing,NSE
CASTROLIND.NS,Castrol India Limited,Energy,Oil & Gas Refining & Marketing,NSE
CHENNPETRO.NS,Chennai Petroleum Corporation Limited,Energy,Oil & Gas Refining & Marketing,NSE
CONFIPET.NS,Confidence Petroleum India Limited,Energy,Oil & Gas Refining & Marketing,NSE
GANDHAR.NS,Gandhar Oil Refinery (India) Limited,Energy,Oil & Gas Refining & Marketing,NSE
GULFPETRO.NS,GP Petroleums Limited,Energy,Oil & Gas Refining & Marketing,NSE
HINDPETRO.NS,Hindustan Petroleum Corporation Limited,Energy,Oil & Gas Refining & Marketing,NSE
IOC.NS,Indian Oil Corporation Limited,Energy,Oil & Gas Refining & Marketing,NSE
MRPL.NS,Mangalore Refinery and Petrochemicals Limited,Energy,Oil & Gas Refining & Marketing,NSE
PANAMAPET.NS,Panama Petrochem Limited,Energy,Oil & Gas Refining & Marketing,NSE
PETRONET.NS,Petronet LNG Limited,Energy,Oil & Gas Refining & Marketing,NSE
RELIANCE.NS,Reliance Industries Limited,Energy,Oil & Gas Refining & Marketing,NSE
PREMIERENE.NS,Premier Energies Limited,Energy,Solar,NSE
SURANASOL.NS,Surana Solar Limited,Energy,Solar,NSE
SWELECTES.NS,Swelect Energy Systems Limited,Energy,Solar,NSE
SWSOLAR.NS,Sterling and Wilson Renewable Energy Limited,Energy,Solar,NSE
UEL.NS,Ujaas Energy Limited,Energy,Solar,NSE
URJA.NS,Urja Global Limited,Energy,Solar,NSE
WAAREEENER.NS,Waaree Energies Ltd,Energy,Solar,NSE
WEBELSOLAR.NS,Websol Energy System Limited,Energy,Solar,NSE
360ONE.NS,360 One Wam Limited,Financial Services,Asset Management,NSE
ABSLAMC.NS,Aditya Birla Sun Life AMC Limited,Financial Services,Asset Management,NSE
ABSLBANETF.NS,Aditya Birla Sun Life Nifty Bank ETF,Financial Services,Asset Management,NSE
ABSLNN50ET.NS,Aditya Birla Sun Life Nifty Next 50 ETF,Financial Services,Asset Management,NSE
AIIL.NS,Authum Investment & Infrastructure Limited,Financial Services,Asset Management,NSE
ANANDRATHI.NS,Anand Rathi Wealth Limited,Financial Services,Asset Management,NSE
AXISGOLD.NS,Axis Gold ETF,Financial Services,Asset Management,NSE
AXISNIFTY.NS,Axis NIFTY 50 ETF,Financial Services,Asset Management,NSE
BAJAJHLDNG.NS,Bajaj Holdings & Investment Limited,Financial Services,Asset Management,NSE
BANKBEES.NS,Nippon India ETF Nifty Bank BeES,Financial Services,Asset Management,NSE
BEACON.NS,Beacon Trusteeship Ltd.,Financial Services,Asset Management,NSE
BFINVEST.NS,BF Investment Limited,Financial Services,Asset Management,NSE
BFSI.NS,Mirae Asset Nifty Financial Services ETF,Financial Services,Asset Management,NSE
BSLGOLDETF.NS,Aditya Birla Sun Life Gold ETF,Financial Services,Asset Management,NSE
BSLNIFTY.NS,Aditya Birla Sun Life Nifty 50 ETF,Financial Services,Asset Management,NSE
CONSUMBEES.NS,Nippon India ETF Nifty India Consumption,Financial Services,Asset Management,NSE
CPSEETF.NS,CPSE ETF,Financial Services,Asset Management,NSE
DIVOPPBEES.NS,Nippon India ETF Nifty Dividend Opportunities 50,Financial Services,Asset Management,NSE
FMCGIETF.NS,ICICI Prudential Nifty FMCG ETF,Financial Services,Asset Management,NSE
GATECHDVR.NS,GACM Technologies Ltd. - Ordinary Shares - DVR,Financial Services,Asset Management,NSE
GOLDBEES.NS,Nippon India ETF Gold BeES,Financial Services,Asset Management,NSE
GOLDCASE.NS,Zerodha Gold ETF,Financial Services,Asset Management,NSE
HDFCAMC.NS,HDFC Asset Management Company Limited,Financial Services,Asset Management,NSE
HNGSNGBEES.NS,Nippon India ETF Hang Seng BeES,Financial Services,Asset Management,NSE
ICICIB22.NS,BHARAT 22 ETF,Financial Services,Asset Management,NSE
JINDALPHOT.NS,Jindal Photo Limited,Financial Services,Asset Management,NSE
JIOFIN.NS,Jio Financial Services Limited,Financial Services,Asset Management,NSE
JPOLYINVST.NS,Jindal Poly Investment and Finance Company Limited,Financial Services,Asset Management,NSE
JUNIORBEES.NS,Nippon India ETF Nifty Next 50 Junior BeES,Financial Services,Asset Management,NSE
KICL.NS,Kalyani Investment Company Limited,Financial Services,Asset Management,NSE
LFIC.NS,Lakshmi Finance & Industrial Corporation Limited,Financial Services,Asset Management,NSE
LICNETFGSC.NS,LIC MF Nifty 8-13 yr G-SEC ETF,Financial Services,Asset Management,NSE
LICNFNHGP.NS,LIC MF Nifty 100 ETF,Financial Services,Asset Management,NSE
LIQUIDBEES.NS,Nippon India ETF Nifty 1D Rate Liquid BeES,Financial Services,Asset Management,NSE
LTGILTBEES.NS,Nippon India ETF Nifty 8-13 yr G-Sec Long Term Gilt,Financial Services,Asset Management,NSE
MAFANG.NS,Mirae Asset NYSE FANG+ ETF Exchange Traded Fund Units,Financial Services,Asset Management,NSE
MASPTOP50.NS,Mirae Asset S&P 500 Top 50 ETF,Financial Services,Asset Management,NSE
MID150BEES.NS,Nippon India ETF Nifty Midcap 150,Financial Services,Asset Management,NSE
MOGSEC.NS,Motilal Oswal Nifty 5 YR Benchmark G Sec ETF,Financial Services,Asset Management,NSE
MOM100.NS,Motilal Oswal Nifty Midcap 100 ETF,Financial Services,Asset Management,NSE
MOM50.NS,Motilal Oswal Nifty 50 ETF,Financial Services,Asset Management,NSE
MON100.NS,Motilal Oswal Nasdaq 100 ETF,Financial Services,Asset Management,NSE
NAM-INDIA.NS,Nippon Life India Asset Management Limited,Financial Services,Asset Management,NSE
NIF100BEES.NS,Nippon India ETF Nifty 100,Financial Services,Asset Management,NSE
NIFTYBEES.NS,Nippon India ETF Nifty 50 BeES,Financial Services,Asset Management,NSE
NIFTYIETF.NS,ICICI Prudential Nifty 50 ETF,Financial Services,Asset Management,NSE
NPBET.NS,Tata Nifty Private Bank ETF,Financial Services,Asset Management,NSE
NSIL.NS,Nalwa Sons Investments Limited,Financial Services,Asset Management,NSE
NUVAMA.NS,Nuvama Wealth Management Limited,Financial Services,Asset Management,NSE
OSWALGREEN.NS,Oswal Greentech Ltd.,Financial Services,Asset Management,NSE
PILANIINVS.NS,Pilani Investment and Industries Corporation Limited,Financial Services,Asset Management,NSE
PRUDENT.NS,Prudent Corporate Advisory Services Limited,Financial Services,Asset Management,NSE
PSUBNKBEES.NS,Nippon India ETF Nifty PSU Bank BeES,Financial Services,Asset Management,NSE
QGOLDHALF.NS,Quantum Mutual Fund - Quantum Gold Fund,Financial Services,Asset Management,NSE
SETF10GILT.NS,SBI Nifty 10 YR Benchmark G-Sec ETF,Financial Services,Asset Management,NSE
SETFGOLD.NS,SBI Gold ETF,Financial Services,Asset Management,NSE
SETFNIF50.NS,SBI Nifty 50 ETF,Financial Services,Asset Management,NSE
SETFNIFBK.NS,SBI Nifty Bank ETF,Financial Services,Asset Management,NSE
SETFNN50.NS,SBI Nifty Next 50 ETF,Financial Services,Asset Management,NSE
SHARIABEES.NS,Nippon India ETF Nifty 50 Shariah BeES,Financial Services,Asset Management,NSE
SILINV.NS,SIL Investments Limited,Financial Services,Asset Management,NSE
TEAMGTY.NS,Team India Guaranty Limited,Financial Services,Asset Management,NSE
TSFINV.NS,TSF Investments Limited,Financial Services,Asset Management,NSE
UTIAMC.NS,UTI Asset Management Company Limited,Financial Services,Asset Management,NSE
AUBANK.NS,AU Small Finance Bank Limited,Financial Services,Banks - Regional,NSE
AXISBANK.NS,Axis Bank Limited,Financial Services,Banks - Regional,NSE
BANDHANBNK.NS,Bandhan Bank Limited,Financial Services,Banks - Regional,NSE
BANKBARODA.NS,Bank of Baroda Limited,Financial Services,Banks - Regional,NSE
BANKINDIA.NS,Bank of India Limited,Financial Services,Banks - Regional,NSE
CANBK.NS,Canara Bank,Financial Services,Banks - Regional,NSE
CAPITALSFB.NS,Capital Small Finance Bank Limited,Financial Services,Banks - Regional,NSE
CENTRALBK.NS,Central Bank of India,Financial Services,Banks - Regional,NSE
CSBBANK.NS,CSB Bank Limited,Financial Services,Banks - Regional,NSE
CUB.NS,City Union Bank Limited,Financial Services,Banks - Regional,NSE
DCBBANK.NS,DCB Bank Limited,Financial Services,Banks - Regional,NSE
DHANBANK.NS,Dhanlaxmi Bank Limited,Financial Services,Banks - Regional,NSE
EQUITASBNK.NS,Equitas Small Finance Bank Limited,Financial Services,Banks - Regional,NSE
ESAFSFB.NS,ESAF Small Finance Bank,Financial Services,Banks - Regional,NSE
FEDERALBNK.NS,The Federal Bank Limited,Financial Services,Banks - Regional,NSE
FINOPB.NS,Fino Payments Bank Limited,Financial Services,Banks - Regional,NSE
HDFCBANK.NS,HDFC Bank Limited,Financial Services,Banks - Regional,NSE
ICICIBANK.NS,ICICI Bank Limited,Financial Services,Banks - Regional,NSE
IDBI.NS,IDBI Bank Limited,Financial Services,Banks - Regional,NSE
IDFCFIRSTB.NS,IDFC First Bank Limited,Financial Services,Banks - Regional,NSE
INDIANB.NS,Indian Bank,Financial Services,Banks - Regional,NSE
INDUSINDBK.NS,IndusInd Bank Limited,Financial Services,Banks - Regional,NSE
IOB.NS,Indian Overseas Bank,Financial Services,Banks - Regional,NSE
J&KBANK.NS,The Jammu and Kashmir Bank Limited,Financial Services,Banks - Regional,NSE
JSFB.NS,Jana Small Finance Bank Limited,Financial Services,Banks - Regional,NSE
KARURVYSYA.NS,The Karur Vysya Bank Limited,Financial Services,Banks - Regional,NSE
KOTAKBANK.NS,Kotak Mahindra Bank Limited,Financial Services,Banks - Regional,NSE
KTKBANK.NS,The Karnataka Bank Limited,Financial Services,Banks - Regional,NSE
MAHABANK.NS,Bank of Maharashtra,Financial Services,Banks - Regional,NSE
PNB.NS,Punjab National Bank,Financial Services,Banks - Regional,NSE
PSB.NS,Punjab & Sind Bank,Financial Services,Banks - Regional,NSE
RBLBANK.NS,RBL Bank Limited,Financial Services,Banks - Regional,NSE
SBIN.NS,State Bank of India,Financial Services,Banks - Regional,NSE
SOUTHBANK.NS,The South Indian Bank Limited,Financial Services,Banks - Regional,NSE
SURYODAY.NS,Suryoday Small Finance Bank Limited,Financial Services,Banks - Regional,NSE
TMB.NS,Tamilnad Mercantile Bank Limited,Financial Services,Banks - Regional,NSE
UCOBANK.NS,UCO Bank,Financial Services,Banks - Regional,NSE
UJJIVANSFB.NS,Ujjivan Small Finance Bank Limited,Financial Services,Banks - Regional,NSE
UNIONBANK.NS,Union Bank of India,Financial Services,Banks - Regional,NSE
UTKARSHBNK.NS,Utkarsh Small Finance Bank Limited,Financial Services,Banks - Regional,NSE
YESBANK.NS,Yes Bank Limited,Financial Services,Banks - Regional,NSE
21STCENMGM.NS,Twentyfirst Century Management Services Limited,Financial Services,Financial - Capital Markets,NSE
5PAISA.NS,5paisa Capital Limited,Financial Services,Financial - Capital Markets,NSE
AFSL.NS,Abans Financial Services Ltd.,Financial Services,Financial - Capital Markets,NSE
ALMONDZ.NS,Almondz Global Securities Limited,Financial Services,Financial - Capital Markets,NSE
ANGELONE.NS,Angel One Limited,Financial Services,Financial - Capital Markets,NSE
ARIHANTCAP.NS,Arihant Capital Markets Limited,Financial Services,Financial - Capital Markets,NSE
AUSOMENT.NS,AuSom Enterprise Limited,Financial Services,Financial - Capital Markets,NSE
AVONMORE.NS,Avonmore Capital & Management Services Limited,Financial Services,Financial - Capital Markets,NSE
BIRLAMONEY.NS,Aditya Birla Money Limited,Financial Services,Financial - Capital Markets,NSE
BLBLIMITED.NS,BLB Limited,Financial Services,Financial - Capital Markets,NSE
BLUECHIP.NS,Blue Chip India Limited,Financial Services,Financial - Capital Markets,NSE
CDSL.NS,Central Depository Services (India) Limited,Financial Services,Financial - Capital Markets,NSE
CHOICEIN.NS,Choice International Limited,Financial Services,Financial - Capital Markets,NSE
CONSOFINVT.NS,Consolidated Finvest & Holdings Limited,Financial Services,Financial - Capital Markets,NSE
DAMCAPITAL.NS,DAM Capital Advisors Ltd.,Financial Services,Financial - Capital Markets,NSE
DBSTOCKBRO.NS,DB (International) Stock Brokers Limited,Financial Services,Financial - Capital Markets,NSE
DELPHIFX.NS,Delphi World Money Ltd.,Financial Services,Financial - Capital Markets,NSE
DHUNINV.NS,Dhunseri Investments Limited,Financial Services,Financial - Capital Markets,NSE
DOLATALGO.NS,Dolat Algotech Limited,Financial Services,Financial - Capital Markets,NSE
EDELWEISS.NS,Edelweiss Financial Services Limited,Financial Services,Financial - Capital Markets,NSE
EMKAY.NS,Emkay Global Financial Services Limited,Financial Services,Financial - Capital Markets,NSE
GCSL.NS,Gretex Corporate Services Ltd.,Financial Services,Financial - Capital Markets,NSE
GEOJITFSL.NS,Geojit Financial Services Limited,Financial Services,Financial - Capital Markets,NSE
HBSL.NS,HB Stockholdings Limited,Financial Services,Financial - Capital Markets,NSE
HYBRIDFIN.NS,Hybrid Financial Services Limited,Financial Services,Financial - Capital Markets,NSE
IEX.NS,Indian Energy Exchange Limited,Financial Services,Financial - Capital Markets,NSE
IIFLCAPS.NS,IIFL Capital Services Ltd.,Financial Services,Financial - Capital Markets,NSE
INDBANK.NS,Indbank Merchant Banking Services Limited,Financial Services,Financial - Capital Markets,NSE
INDOTHAI.NS,Indo Thai Securities Limited,Financial Services,Financial - Capital Markets,NSE
INVENTURE.NS,Inventure Growth & Securities Limited,Financial Services,Financial - Capital Markets,NSE
JMFINANCIL.NS,JM Financial Limited,Financial Services,Financial - Capital Markets,NSE
KEYFINSERV.NS,Keynote Financial Services Limited,Financial Services,Financial - Capital Markets,NSE
KHANDSE.NS,Khandwala Securities Limited,Financial Services,Financial - Capital Markets,NSE
MASKINVEST.NS,Mask Investments Limited,Financial Services,Financial - Capital Markets,NSE
MASTERTR.NS,Master Trust Ltd.,Financial Services,Financial - Capital Markets,NSE
MONARCH.NS,Monarch Networth Capital Limited,Financial Services,Financial - Capital Markets,NSE
MOTILALOFS.NS,Motilal Oswal Financial Services Limited,Financial Services,Financial - Capital Markets,NSE
NAGREEKCAP.NS,Nagreeka Capital & Infrastructure Ltd.,Financial Services,Financial - Capital Markets,NSE
NAHARCAP.NS,Nahar Capital and Financial Services Limited,Financial Services,Financial - Capital Markets,NSE
NBIFIN.NS,N.B.I. Industrial Finance Company Limited,Financial Services,Financial - Capital Markets,NSE
NDGL.NS,Naga Dhunseri Group Limited,Financial Services,Financial - Capital Markets,NSE
ONELIFECAP.NS,Onelife Capital Advisors Limited,Financial Services,Financial - Capital Markets,NSE
PNBGILTS.NS,PNB Gilts Ltd.,Financial Services,Financial - Capital Markets,NSE
PRIMESECU.NS,Prime Securities Limited,Financial Services,Financial - Capital Markets,NSE
SHAREINDIA.NS,Share India Securities Limited,Financial Services,Financial - Capital Markets,NSE
SMCGLOBAL.NS,SMC Global Securities Limited,Financial Services,Financial - Capital Markets,NSE
SPCENET.NS,Spacenet Enterprises India Limited,Financial Services,Financial - Capital Markets,NSE
STEELCITY.NS,Steel City Securities Limited,Financial Services,Financial - Capital Markets,NSE
SUMMITSEC.NS,Summit Securities Limited,Financial Services,Financial - Capital Markets,NSE
SYSTMTXC.NS,Systematix Corporate Services Ltd.,Financial Services,Financial - Capital Markets,NSE
TATAINVEST.NS,Tata Investment Corporation Limited,Financial Services,Financial - Capital Markets,NSE
THEINVEST.NS,The Investment Trust of India Limited,Financial Services,Financial - Capital Markets,NSE
VLSFINANCE.NS,VLS Finance Limited,Financial Services,Financial - Capital Markets,NSE
WEALTH.NS,Wealth First Portfolio Managers Limited,Financial Services,Financial - Capital Markets,NSE
WELINV.NS,Welspun Investments and Commercials Limited,Financial Services,Financial - Capital Markets,NSE
ABCAPITAL.NS,Aditya Birla Capital Limited,Financial Services,Financial - Conglomerates,NSE
BAJAJFINSV.NS,Bajaj Finserv Ltd.,Financial Services,Financial - Conglomerates,NSE
CENTRUM.NS,Centrum Capital Limited,Financial Services,Financial - Conglomerates,NSE
CREST.NS,Crest Ventures Limited,Financial Services,Financial - Conglomerates,NSE
INDIGRID-IV.NS,Indigrid Infrastruct Trst,Financial Services,Financial - Conglomerates,NSE
IVC.NS,IL&FS Investment Managers Limited,Financial Services,Financial - Conglomerates,NSE
LLOYDSENT.NS,Lloyds Enterprises Ltd.,Financial Services,Financial - Conglomerates,NSE
AFIL.NS,Akme Fintrade (India) Ltd.,Financial Services,Financial - Credit Services,NSE
AKIKO.NS,Akiko Global Services Ltd.,Financial Services,Financial - Credit Services,NSE
ARMANFIN.NS,Arman Financial Services Limited,Financial Services,Financial - Credit Services,NSE
ASCOM.NS,Ascom Leasing & Investments Ltd.,Financial Services,Financial - Credit Services,NSE
BAIDFIN.NS,Baid Finserv Limited,Financial Services,Financial - Credit Services,NSE
BAJFINANCE.NS,Bajaj Finance Limited,Financial Services,Financial - Credit Services,NSE
CAPTRUST.NS,Capital Trust Limited,Financial Services,Financial - Credit Services,NSE
CGCL.NS,Capri Global Capital Limited,Financial Services,Financial - Credit Services,NSE
CHOLAFIN.NS,Cholamandalam Investment and Finance Company Limited,Financial Services,Financial - Credit Services,NSE
CHOLAHLDNG.NS,Cholamandalam Financial Holdings Limited,Financial Services,Financial - Credit Services,NSE
CIFL.NS,Capital India Finance Ltd.,Financial Services,Financial - Credit Services,NSE
CPCAP.NS,CP Capital Ltd.,Financial Services,Financial - Credit Services,NSE
CREDITACC.NS,CreditAccess Grameen Limited,Financial Services,Financial - Credit Services,NSE
CSLFINANCE.NS,CSL Finance Limited,Financial Services,Financial - Credit Services,NSE
DCMFINSERV.NS,DCM Financial Services Limited,Financial Services,Financial - Credit Services,NSE
FEDFINA.NS,Fedbank Financial Services Limited,Financial Services,Financial - Credit Services,NSE
FINKURVE.NS,Finkurve Financial Services Ltd,Financial Services,Financial - Credit Services,NSE
FIVESTAR.NS,Five-Star Business Finance Limited,Financial Services,Financial - Credit Services,NSE
FUSION.NS,Fusion Micro Finance Limited,Financial Services,Financial - Credit Services,NSE
HEXATRADEX.NS,Hexa Tradex Limited,Financial Services,Financial - Credit Services,NSE
HUDCO.NS,Housing and Urban Development Corporation Limited,Financial Services,Financial - Credit Services,NSE
IBLFL.NS,IBL Finance Ltd.,Financial Services,Financial - Credit Services,NSE
IFCI.NS,IFCI Limited,Financial Services,Financial - Credit Services,NSE
IIFL.NS,IIFL Finance Ltd.,Financial Services,Financial - Credit Services,NSE
IITL.NS,Industrial Investment Trust Limited,Financial Services,Financial - Credit Services,NSE
INDOSTAR.NS,IndoStar Capital Finance Limited,Financial Services,Financial - Credit Services,NSE
IREDA.NS,Indian Renewable Energy Development Agency Limited,Financial Services,Financial - Credit Services,NSE
IRFC.NS,Indian Railway Finance Corporation Limited,Financial Services,Financial - Credit Services,NSE
LAXMIINDIA.NS,Laxmi India Finance Limited,Financial Services,Financial - Credit Services,NSE
LTF.NS,L&T Finance Ltd,Financial Services,Financial - Credit Services,NSE
MAHAPEXLTD.NS,Maha Rashtra Apex Corporation Limited,Financial Services,Financial - Credit Services,NSE
MANAPPURAM.NS,Manappuram Finance Limited,Financial Services,Financial - Credit Services,NSE
MANBA.NS,Manba Finance Ltd.,Financial Services,Financial - Credit Services,NSE
MANCREDIT.NS,Mangal Credit & Fincorp Ltd,Financial Services,Financial - Credit Services,NSE
MASFIN.NS,MAS Financial Services Limited,Financial Services,Financial - Credit Services,NSE
M&MFIN.NS,Mahindra & Mahindra Financial Services Limited,Financial Services,Financial - Credit Services,NSE
MOBIKWIK.NS,One Mobikwik Systems Limited,Financial Services,Financial - Credit Services,NSE
MONEYBOXX.NS,Moneyboxx Finance Ltd.,Financial Services,Financial - Credit Services,NSE
MOTOGENFIN.NS,The Motor & General Finance Limited,Financial Services,Financial - Credit Services,NSE
MUFIN.NS,Mufin Green Finance Limited,Financial Services,Financial - Credit Services,NSE
MUTHOOTCAP.NS,Muthoot Capital Services Limited,Financial Services,Financial - Credit Services,NSE
MUTHOOTFIN.NS,Muthoot Finance Limited,Financial Services,Financial - Credit Services,NSE
MUTHOOTMF.NS,Muthoot Microfin Limited,Financial Services,Financial - Credit Services,NSE
NORTHARC.NS,Northern Arc Capital Ltd,Financial Services,Financial - Credit Services,NSE
PAISALO.NS,Paisalo Digital Limited,Financial Services,Financial - Credit Services,NSE
PFC.NS,Power Finance Corporation Limited,Financial Services,Financial - Credit Services,NSE
PFS.NS,PTC India Financial Services Limited,Financial Services,Financial - Credit Services,NSE
POONAWALLA.NS,Poonawalla Fincorp Limited,Financial Services,Financial - Credit Services,NSE
RECLTD.NS,REC Limited,Financial Services,Financial - Credit Services,NSE
SARTELE.NS,SAR Televenture Ltd.,Financial Services,Financial - Credit Services,NSE
SATIN.NS,Satin Creditcare Network Limited,Financial Services,Financial - Credit Services,NSE
SBFC.NS,SBFC Finance Limited,Financial Services,Financial - Credit Services,NSE
SBICARD.NS,SBI Cards and Payment Services Limited,Financial Services,Financial - Credit Services,NSE
SGFIN.NS,SG Finserve Ltd.,Financial Services,Financial - Credit Services,NSE
SHRIRAMFIN.NS,Shriram Finance Limited,Financial Services,Financial - Credit Services,NSE
SPANDANA.NS,Spandana Sphoorty Financial Limited,Financial Services,Financial - Credit Services,NSE
STARTECK.NS,Starteck Finance Limited,Financial Services,Financial - Credit Services,NSE
TCIFINANCE.NS,TCI Finance Limited,Financial Services,Financial - Credit Services,NSE
TFCILTD.NS,Tourism Finance Corporation of India Limited,Financial Services,Financial - Credit Services,NSE
TRU.NS,TruCap Finance Limited,Financial Services,Financial - Credit Services,NSE
UGROCAP.NS,UGRO Capital Limited,Financial Services,Financial - Credit Services,NSE
UYFINCORP.NS,U.Y.Fincorp Ltd.,Financial Services,Financial - Credit Services,NSE
VHL.NS,Vardhman Holdings Limited,Financial Services,Financial - Credit Services,NSE
VIJIFIN.NS,Viji Finance Limited,Financial Services,Financial - Credit Services,NSE
WILLAMAGOR.NS,Williamson Magor & Co. Limited,Financial Services,Financial - Credit Services,NSE
WTICAB.NS,Wise Travel India Ltd.,Financial Services,Financial - Credit Services,NSE
BSE.NS,BSE Limited,Financial Services,Financial - Data & Stock Exchanges,NSE
CARERATING.NS,CARE Ratings Limited,Financial Services,Financial - Data & Stock Exchanges,NSE
CRISIL.NS,CRISIL Limited,Financial Services,Financial - Data & Stock Exchanges,NSE
ICRA.NS,ICRA Limited,Financial Services,Financial - Data & Stock Exchanges,NSE
MCX.NS,Multi Commodity Exchange of India Limited,Financial Services,Financial - Data & Stock Exchanges,NSE
RELIGARE.NS,Religare Enterprises Limited,Financial Services,Financial - Diversified,NSE
AADHARHFC.NS,Aadhar Housing Finance Ltd.,Financial Services,Financial - Mortgages,NSE
AAVAS.NS,Aavas Financiers Limited,Financial Services,Financial - Mortgages,NSE
APTUS.NS,Aptus Value Housing Finance India Limited,Financial Services,Financial - Mortgages,NSE
BAJAJHFL.NS,Bajaj Housing Finance Limited,Financial Services,Financial - Mortgages,NSE
CANFINHOME.NS,Can Fin Homes Limited,Financial Services,Financial - Mortgages,NSE
GICHSGFIN.NS,GIC Housing Finance Limited,Financial Services,Financial - Mortgages,NSE
HOMEFIRST.NS,Home First Finance Company India Limited,Financial Services,Financial - Mortgages,NSE
INDIASHLTR.NS,India Shelter Finance Corporation Limited,Financial Services,Financial - Mortgages,NSE
LICHSGFIN.NS,LIC Housing Finance Limited,Financial Services,Financial - Mortgages,NSE
PNBHOUSING.NS,PNB Housing Finance Limited,Financial Services,Financial - Mortgages,NSE
REPCOHOME.NS,Repco Home Finance Limited,Financial Services,Financial - Mortgages,NSE
RHFL.NS,Reliance Home Finance Limited,Financial Services,Financial - Mortgages,NSE
SAMMAANCAP.NS,Sammaan Capital Limited,Financial Services,Financial - Mortgages,NSE
SRGHFL.NS,SRG Housing Finance Limited,Financial Services,Financial - Mortgages,NSE
TFL.NS,Transwarranty Finance Limited,Financial Services,Financial - Mortgages,NSE
POLICYBZR.NS,PB Fintech Limited,Financial Services,Insurance - Brokers,NSE
ICICIGI.NS,ICICI Lombard General Insurance Company Limited,Financial Services,Insurance - Diversified,NSE
NIACL.NS,The New India Assurance Company Limited,Financial Services,Insurance - Diversified,NSE
STARHEALTH.NS,Star Health and Allied Insurance Company Limited,Financial Services,Insurance - Diversified,NSE
HDFCLIFE.NS,HDFC Life Insurance Company Limited,Financial Services,Insurance - Life,NSE
ICICIPRULI.NS,ICICI Prudential Life Insurance Company Limited,Financial Services,Insurance - Life,NSE
LICI.NS,Life Insurance Corporation of India,Financial Services,Insurance - Life,NSE
MFSL.NS,Max Financial Services Limited,Financial Services,Insurance - Life,NSE
NIVABUPA.NS,Niva Bupa Health Insurance Co. Ltd.,Financial Services,Insurance - Life,NSE
SBILIFE.NS,SBI Life Insurance Company Limited,Financial Services,Insurance - Life,NSE
GODIGIT.NS,Go Digit General Insurance Limited,Financial Services,Insurance - Property & Casualty,NSE
GICRE.NS,General Insurance Corporation of India,Financial Services,Insurance - Reinsurance,NSE
MEDIASSIST.NS,Medi Assist Health Ser L,Financial Services,Investment - Banking & Investment Services,NSE
GLFL.NS,Gujarat Lease Financing Limited,Financial Services,Shell Companies,NSE
INFOMEDIA.NS,Infomedia Press Limited,Financial Services,Shell Companies,NSE
UNIVAFOODS.NS,Univa Foods Ltd.,Financial Services,Shell Companies,NSE
ANTHEM.NS,Anthem Biosciences Ltd.,Healthcare,Biotechnology,NSE
BIOCON.NS,Biocon Limited,Healthcare,Biotechnology,NSE
BLUEJET.NS,Blue Jet Healthcare Limited,Healthcare,Biotechnology,NSE
CONCORDBIO.NS,Concord Biotech Limited,Healthcare,Biotechnology,NSE
DCAL.NS,Dishman Carbogen Amcis Limited,Healthcare,Biotechnology,NSE
HALEOSLABS.NS,Haleos Labs Limited,Healthcare,Biotechnology,NSE
LYKALABS.NS,Lyka Labs Limited,Healthcare,Biotechnology,NSE
ONESOURCE.NS,Onesource Specialty Pharma Ltd.,Healthcare,Biotechnology,NSE
PANACEABIO.NS,Panacea Biotec Limited,Healthcare,Biotechnology,NSE
SUPRIYA.NS,Supriya Lifescience Limited,Healthcare,Biotechnology,NSE
SYNGENE.NS,Syngene International Limited,Healthcare,Biotechnology,NSE
TAKE.NS,TAKE Solutions Limited,Healthcare,Biotechnology,NSE
ZOTA.NS,Zota Health Care Limited,Healthcare,Biotechnology,NSE
ABBOTINDIA.NS,Abbott India Limited,Healthcare,Drug Manufacturers - General,NSE
CIPLA.NS,Cipla Limited,Healthcare,Drug Manufacturers - General,NSE
GLAND.NS,Gland Pharma Limited,Healthcare,Drug Manufacturers - General,NSE
GLAXO.NS,GlaxoSmithKline Pharmaceuticals Limited,Healthcare,Drug Manufacturers - General,NSE
KOPRAN.NS,Kopran Limited,Healthcare,Drug Manufacturers - General,NSE
MARKSANS.NS,Marksans Pharma Limited,Healthcare,Drug Manufacturers - General,NSE
NGLFINE.NS,NGL Fine-Chem Limited,Healthcare,Drug Manufacturers - General,NSE
SANOFICONR.NS,Sanofi Consumer Healthcare India Ltd.,Healthcare,Drug Manufacturers - General,NSE
SANOFI.NS,Sanofi India Limited,Healthcare,Drug Manufacturers - General,NSE
SENORES.NS,Senores Pharmaceuticals Ltd.,Healthcare,Drug Manufacturers - General,NSE
SMSPHARMA.NS,SMS Pharmaceuticals Limited,Healthcare,Drug Manufacturers - General,NSE
TTKHLTCARE.NS,TTK Healthcare Limited,Healthcare,Drug Manufacturers - General,NSE
AAREYDRUGS.NS,Aarey Drugs & Pharmaceuticals Limited,Healthcare,Drug Manufacturers - Specialty & Generic,NSE
AARTIDRUGS.NS,Aarti Drugs Limited,Healthcare,Drug Manufacturers - Specialty & Generic,NSE
AARTIPHARM.NS,Aarti Pharmalabs Limited,Healthcare,Drug Manufacturers - Specialty & Generic,NSE
AJANTPHARM.NS,Ajanta Pharma Limited,Healthcare,Drug Manufacturers - Specialty & Generic,NSE
AKUMS.NS,Akums Drugs & Pharmaceuticals Ltd.,Healthcare,Drug Manufacturers - Specialty & Generic,NSE
ALBERTDAVD.NS,Albert David Limited,Healthcare,Drug Manufacturers - Specialty & Generic,NSE
ALIVUS.NS,Alivus Life Sciences Ltd.,Healthcare,Drug Manufacturers - Specialty & Generic,NSE
ALKEM.NS,Alkem Laboratories Limited,Healthcare,Drug Manufacturers - Specialty & Generic,NSE
ALPA.NS,Alpa Laboratories Limited,Healthcare,Drug Manufacturers - Specialty & Generic,NSE
AMRUTANJAN.NS,Amrutanjan Health Care Limited,Healthcare,Drug Manufacturers - Specialty & Generic,NSE
ANUHPHR.NS,Anuh Pharma Ltd.,Healthcare,Drug Manufacturers - Specialty & Generic,NSE
APLLTD.NS,Alembic Pharmaceuticals Limited,Healthcare,Drug Manufacturers - Specialty & Generic,NSE
ASTRAZEN.NS,AstraZeneca Pharma India Limited,Healthcare,Drug Manufacturers - Specialty & Generic,NSE
AUROPHARMA.NS,Aurobindo Pharma Limited,Healthcare,Drug Manufacturers - Specialty & Generic,NSE
BAFNAPH.NS,Bafna Pharmaceuticals Limited,Healthcare,Drug Manufacturers - Specialty & Generic,NSE
BAJAJHCARE.NS,Bajaj HealthCare Limited,Healthcare,Drug Manufacturers - Specialty & Generic,NSE
BALPHARMA.NS,Bal Pharma Limited,Healthcare,Drug Manufacturers - Specialty & Generic,NSE
BIOFILCHEM.NS,Biofil Chemicals and Pharmaceuticals Limited,Healthcare,Drug Manufacturers - Specialty & Generic,NSE
BLISSGVS.NS,Bliss GVS Pharma Limited,Healthcare,Drug Manufacturers - Specialty & Generic,NSE
BROOKS.NS,Brooks Laboratories Limited,Healthcare,Drug Manufacturers - Specialty & Generic,NSE
CAPLIPOINT.NS,Caplin Point Laboratories Limited,Healthcare,Drug Manufacturers - Specialty & Generic,NSE
COHANCE.NS,Cohance Lifesciences Limited,Healthcare,Drug Manufacturers - Specialty & Generic,NSE
DIVISLAB.NS,Divi's Laboratories Limited,Healthcare,Drug Manufacturers - Specialty & Generic,NSE
DRREDDY.NS,Dr. Reddy's Laboratories Limited,Healthcare,Drug Manufacturers - Specialty & Generic,NSE
EMCURE.NS,Emcure Pharmaceuticals Ltd.,Healthcare,Drug Manufacturers - Specialty & Generic,NSE
ERIS.NS,Eris Lifesciences Limited,Healthcare,Drug Manufacturers - Specialty & Generic,NSE
FDC.NS,FDC Limited,Healthcare,Drug Manufacturers - Specialty & Generic,NSE
GLENMARK.NS,Glenmark Pharmaceuticals Limited,Healthcare,Drug Manufacturers - Specialty & Generic,NSE
GRANULES.NS,Granules India Limited,Healthcare,Drug Manufacturers - Specialty & Generic,NSE
GUFICBIO.NS,Gufic Biosciences Limited,Healthcare,Drug Manufacturers - Specialty & Generic,NSE
GUJTHEM.NS,Gujarat Themis Biosyn Ltd.,Healthcare,Drug Manufacturers - Specialty & Generic,NSE
HESTERBIO.NS,Hester Biosciences Limited,Healthcare,Drug Manufacturers - Specialty & Generic,NSE
HIKAL.NS,Hikal Limited,Healthcare,Drug Manufacturers - Specialty & Generic,NSE
INDOCO.NS,Indoco Remedies Limited,Healthcare,Drug Manufacturers - Specialty & Generic,NSE
INDSWFTLAB.NS,Ind-Swift Laboratories Limited,Healthcare,Drug Manufacturers - Specialty & Generic,NSE
INNOVACAP.NS,Innova Captab Limited,Healthcare,Drug Manufacturers - Specialty & Generic,NSE
IOLCP.NS,IOL Chemicals and Pharmaceuticals Limited,Healthcare,Drug Manufacturers - Specialty & Generic,NSE
IPCALAB.NS,Ipca Laboratories Limited,Healthcare,Drug Manufacturers - Specialty & Generic,NSE
JAGSNPHARM.NS,Jagsonpal Pharmaceuticals Limited,Healthcare,Drug Manufacturers - Specialty & Generic,NSE
JBCHEPHARM.NS,J. B. Chemicals & Pharmaceuticals Limited,Healthcare,Drug Manufacturers - Specialty & Generic,NSE
JUBLPHARMA.NS,Jubilant Pharmova Limited,Healthcare,Drug Manufacturers - Specialty & Generic,NSE
KILITCH.NS,Kilitch Drugs (India) Limited,Healthcare,Drug Manufacturers - Specialty & Generic,NSE
KREBSBIO.NS,Krebs Biochemicals & Industries Limited,Healthcare,Drug Manufacturers - Specialty & Generic,NSE
LASA.NS,Lasa Supergenerics Limited,Healthcare,Drug Manufacturers - Specialty & Generic,NSE
LAURUSLABS.NS,Laurus Labs Limited,Healthcare,Drug Manufacturers - Specialty & Generic,NSE
LINCOLN.NS,Lincoln Pharmaceuticals Limited,Healthcare,Drug Manufacturers - Specialty & Generic,NSE
LUPIN.NS,Lupin Limited,Healthcare,Drug Manufacturers - Specialty & Generic,NSE
MANGALAM.NS,Mangalam Drugs & Organics Limited,Healthcare,Drug Manufacturers - Specialty & Generic,NSE
MANKIND.NS,Mankind Pharma Limited,Healthcare,Drug Manufacturers - Specialty & Generic,NSE
MEDICAMEQ.NS,Medicamen Biotech Limited,Healthcare,Drug Manufacturers - Specialty & Generic,NSE
MEDICO.NS,Medico Remedies Limited,Healthcare,Drug Manufacturers - Specialty & Generic,NSE
MOREPENLAB.NS,Morepen Laboratories Limited,Healthcare,Drug Manufacturers - Specialty & Generic,NSE
NATCAPSUQ.NS,Natural Capsules Ltd.,Healthcare,Drug Manufacturers - Specialty & Generic,NSE
NATCOPHARM.NS,NATCO Pharma Limited,Healthcare,Drug Manufacturers - Specialty & Generic,NSE
NECLIFE.NS,Nectar Lifesciences Limited,Healthcare,Drug Manufacturers - Specialty & Generic,NSE
NEULANDLAB.NS,Neuland Laboratories Limited,Healthcare,Drug Manufacturers - Specialty & Generic,NSE
ORCHPHARMA.NS,Orchid Pharma Limited,Healthcare,Drug Manufacturers - Specialty & Generic,NSE
ORTINGLOBE.NS,Ortin Global Ltd.,Healthcare,Drug Manufacturers - Specialty & Generic,NSE
PAR.NS,Par Drugs and Chemicals Limited,Healthcare,Drug Manufacturers - Specialty & Generic,NSE
PGHL.NS,Procter & Gamble Health Limited,Healthcare,Drug Manufacturers - Specialty & Generic,NSE
PPLPHARMA.NS,Piramal Pharma Limited,Healthcare,Drug Manufacturers - Specialty & Generic,NSE
RPGLIFE.NS,RPG Life Sciences Limited,Healthcare,Drug Manufacturers - Specialty & Generic,NSE
SAKAR.NS,Sakar Healthcare Limited,Healthcare,Drug Manufacturers - Specialty & Generic,NSE
SHILPAMED.NS,Shilpa Medicare Limited,Healthcare,Drug Manufacturers - Specialty & Generic,NSE
SIGACHI.NS,Sigachi Industries Limited,Healthcare,Drug Manufacturers - Specialty & Generic,NSE
SOLARA.NS,Solara Active Pharma Sciences Limited,Healthcare,Drug Manufacturers - Specialty & Generic,NSE
SPARC.NS,Sun Pharma Advanced Research Company Limited,Healthcare,Drug Manufacturers - Specialty & Generic,NSE
STAR.NS,Strides Pharma Science Limited,Healthcare,Drug Manufacturers - Specialty & Generic,NSE
SUDEEPPHRM.NS,Sudeep Pharma Ltd.,Healthcare,Drug Manufacturers - Specialty & Generic,NSE
SUNPHARMA.NS,Sun Pharmaceutical Industries Limited,Healthcare,Drug Manufacturers - Specialty & Generic,NSE
SUVEN.NS,Suven Life Sciences Limited,Healthcare,Drug Manufacturers - Specialty & Generic,NSE
SYNCOMF.NS,Syncom Formulations (India) Limited,Healthcare,Drug Manufacturers - Specialty & Generic,NSE
THEMISMED.NS,Themis Medicare Limited,Healthcare,Drug Manufacturers - Specialty & Generic,NSE
TORNTPHARM.NS,Torrent Pharmaceuticals Limited,Healthcare,Drug Manufacturers - Specialty & Generic,NSE
UNICHEMLAB.NS,Unichem Laboratories Limited,Healthcare,Drug Manufacturers - Specialty & Generic,NSE
VAISHALI.NS,Vaishali Pharma Limited,Healthcare,Drug Manufacturers - Specialty & Generic,NSE
VALIANTLAB.NS,Valiant Laboratories Limited,Healthcare,Drug Manufacturers - Specialty & Generic,NSE
VENUSREM.NS,Venus Remedies Limited,Healthcare,Drug Manufacturers - Specialty & Generic,NSE
VIVIMEDLAB.NS,Vivimed Labs Ltd.,Healthcare,Drug Manufacturers - Specialty & Generic,NSE
VIYASH.NS,Viyash Scientific Limited,Healthcare,Drug Manufacturers - Specialty & Generic,NSE
WANBURY.NS,Wanbury Limited,Healthcare,Drug Manufacturers - Specialty & Generic,NSE
WINDLAS.NS,Windlas Biotech Limited,Healthcare,Drug Manufacturers - Specialty & Generic,NSE
WOCKPHARMA.NS,Wockhardt Limited,Healthcare,Drug Manufacturers - Specialty & Generic,NSE
ZIMLAB.NS,ZIM Laboratories Limited,Healthcare,Drug Manufacturers - Specialty & Generic,NSE
ZYDUSLIFE.NS,Zydus Lifesciences Limited,Healthcare,Drug Manufacturers - Specialty & Generic,NSE
AATMAJ.NS,Aatmaj Healthcare Ltd.,Healthcare,Medical - Care Facilities,NSE
APOLLOHOSP.NS,Apollo Hospitals Enterprise Limited,Healthcare,Medical - Care Facilities,NSE
ARTEMISMED.NS,Artemis Medicare Services Limited,Healthcare,Medical - Care Facilities,NSE
ASTERDM.NS,Aster DM Healthcare Limited,Healthcare,Medical - Care Facilities,NSE
FORTIS.NS,Fortis Healthcare Limited,Healthcare,Medical - Care Facilities,NSE
GPTHEALTH.NS,GPT Healthcare Limited,Healthcare,Medical - Care Facilities,NSE
HCG.NS,HealthCare Global Enterprises Limited,Healthcare,Medical - Care Facilities,NSE
INDRAMEDCO.NS,Indraprastha Medical Corporation Limited,Healthcare,Medical - Care Facilities,NSE
JLHL.NS,Jupiter Life Line Hospitals Limited,Healthcare,Medical - Care Facilities,NSE
KIMS.NS,Krishna Institute of Medical Sciences Limited,Healthcare,Medical - Care Facilities,NSE
LOTUSEYE.NS,Lotus Eye Hospital and Institute Limited,Healthcare,Medical - Care Facilities,NSE
MADHAVBAUG.NS,Vaidya Sane Ayurved Laboratories Ltd.,Healthcare,Medical - Care Facilities,NSE
MAITREYA.NS,Maitreya Medicare Ltd.,Healthcare,Medical - Care Facilities,NSE
MAXHEALTH.NS,Max Healthcare Institute Limited,Healthcare,Medical - Care Facilities,NSE
MAXIND.NS,Max India Limited,Healthcare,Medical - Care Facilities,NSE
NH.NS,Narayana Hrudayalaya Limited,Healthcare,Medical - Care Facilities,NSE
NIDAN.NS,Nidan Laboratories & Healthcare Ltd.,Healthcare,Medical - Care Facilities,NSE
RAINBOW.NS,Rainbow Children's Medicare Limited,Healthcare,Medical - Care Facilities,NSE
SANGANI.NS,Sangani Hospitals Ltd.,Healthcare,Medical - Care Facilities,NSE
SHALBY.NS,Shalby Limited,Healthcare,Medical - Care Facilities,NSE
UNIHEALTH.NS,Unihealth Hospitals Ltd.,Healthcare,Medical - Care Facilities,NSE
YATHARTH.NS,Yatharth Hospital & Trauma Care Services Limited,Healthcare,Medical - Care Facilities,NSE
FISCHER.NS,Fischer Medical Ventures Ltd.,Healthcare,Medical - Devices,NSE
NURECA.NS,Nureca Limited,Healthcare,Medical - Devices,NSE
UNIVPHOTO.NS,Universus Photo Imagings Limited,Healthcare,Medical - Devices,NSE
KRSNAA.NS,Krsnaa Diagnostics Limited,Healthcare,Medical - Diagnostics & Research,NSE
LALPATHLAB.NS,Dr. Lal PathLabs Limited,Healthcare,Medical - Diagnostics & Research,NSE
METROPOLIS.NS,Metropolis Healthcare Limited,Healthcare,Medical - Diagnostics & Research,NSE
SAILIFE.NS,Sai Life Sciences Ltd.,Healthcare,Medical - Diagnostics & Research,NSE
SURAKSHA.NS,Suraksha Diagnostic Limited,Healthcare,Medical - Diagnostics & Research,NSE
THYROCARE.NS,Thyrocare Technologies Limited,Healthcare,Medical - Diagnostics & Research,NSE
VIJAYA.NS,Vijaya Diagnostic Centre Limited,Healthcare,Medical - Diagnostics & Research,NSE
VIMTALABS.NS,Vimta Labs Limited,Healthcare,Medical - Diagnostics & Research,NSE
ENTERO.NS,Entero Healthcare Solutions Limited,Healthcare,Medical - Distribution,NSE
BALAXI.NS,Balaxi Pharmaceuticals Limited,Healthcare,Medical - Equipment & Services,NSE
IKS.NS,Inventurus Knowledge Solutions Ltd.,Healthcare,Medical - Healthcare Information Services,NSE
INDGN.NS,Indegene Limited,Healthcare,Medical - Healthcare Information Services,NSE
SAGILITY.NS,Sagility India Limited,Healthcare,Medical - Healthcare Information Services,NSE
AGARWALEYE.NS,Dr. Agarwal's Health Care Limited,Healthcare,Medical - Instruments & Supplies,NSE
LAXMIDENTL.NS,Laxmi Dental Ltd.,Healthcare,Medical - Instruments & Supplies,NSE
POLYMED.NS,Poly Medicure Limited,Healthcare,Medical - Instruments & Supplies,NSE
TARSONS.NS,Tarsons Products Limited,Healthcare,Medical - Instruments & Supplies,NSE
ACCENTMIC.NS,Accent Microcell Ltd.,Healthcare,Medical - Pharmaceuticals,NSE
INFINIUM.NS,Infinium Pharmachem Ltd.,Healthcare,Medical - Pharmaceuticals,NSE
MEDIORG.NS,Medicamen Organics Ltd.,Healthcare,Medical - Pharmaceuticals,NSE
MEDPLUS.NS,MedPlus Health Services Limited,Healthcare,Medical - Pharmaceuticals,NSE
QUESTLAB.NS,Quest Laboratories Ltd.,Healthcare,Medical - Pharmaceuticals,NSE
REMUS.NS,Remus Pharmaceuticals Ltd.,Healthcare,Medical - Pharmaceuticals,NSE
SOTAC.NS,Sotac Pharmaceuticals Ltd.,Healthcare,Medical - Pharmaceuticals,NSE
SUNREST.NS,Sunrest Lifescience Ltd.,Healthcare,Medical - Pharmaceuticals,NSE
VILINBIO.NS,Vilin Bio Med Ltd.,Healthcare,Medical - Pharmaceuticals,NSE
ZENITHDRUG.NS,Zenith Drugs Ltd.,Healthcare,Medical - Pharmaceuticals,NSE
MHHL.NS,Mohini Health & Hygiene Ltd.,Healthcare,Medical - Specialties,NSE
YASHOPTICS.NS,Yash Optics & Lens Ltd.,Healthcare,Medical - Specialties,NSE
APOLLO.NS,Apollo Micro Systems Limited,Industrials,Aerospace & Defense,NSE
BDL.NS,Bharat Dynamics Limited,Industrials,Aerospace & Defense,NSE
BEL.NS,Bharat Electronics Limited,Industrials,Aerospace & Defense,NSE
COCHINSHIP.NS,Cochin Shipyard Limited,Industrials,Aerospace & Defense,NSE
DATAPATTNS.NS,Data Patterns (India) Limited,Industrials,Aerospace & Defense,NSE
DCXINDIA.NS,DCX Systems Limited,Industrials,Aerospace & Defense,NSE
DRONE.NS,Drone Destination Ltd.,Industrials,Aerospace & Defense,NSE
GRSE.NS,Garden Reach Shipbuilders & Engineers Limited,Industrials,Aerospace & Defense,NSE
HAL.NS,Hindustan Aeronautics Limited,Industrials,Aerospace & Defense,NSE
KRISHNADEF.NS,Krishna Defence & Allied Industries Ltd.,Industrials,Aerospace & Defense,NSE
MAZDOCK.NS,Mazagon Dock Shipbuilders Limited,Industrials,Aerospace & Defense,NSE
PARAS.NS,Paras Defence and Space Technologies Limited,Industrials,Aerospace & Defense,NSE
ROSSTECH.NS,Rossell Techsys Ltd.,Industrials,Aerospace & Defense,NSE
SWANDEF.NS,Swan Defence and Heavy Industries Ltd.,Industrials,Aerospace & Defense,NSE
UNIMECH.NS,Unimech Aerospace and Manufacturing Ltd.,Industrials,Aerospace & Defense,NSE
ZENTEC.NS,Zen Technologies Limited,Industrials,Aerospace & Defense,NSE
ACE.NS,Action Construction Equipment Limited,Industrials,Agricultural - Machinery,NSE
AJAXENGG.NS,AJAX Engineering Ltd,Industrials,Agricultural - Machinery,NSE
ASHOKLEY.NS,Ashok Leyland Limited,Industrials,Agricultural - Machinery,NSE
BAJAJINDEF.NS,Indef Manufacturing Ltd.,Industrials,Agricultural - Machinery,NSE
BLAL.NS,BEML Land Assets Limited,Industrials,Agricultural - Machinery,NSE
EIMCOELECO.NS,Eimco Elecon (India) Limited,Industrials,Agricultural - Machinery,NSE
ESCORTS.NS,Escorts Kubota Limited,Industrials,Agricultural - Machinery,NSE
HMT.NS,HMT Limited,Industrials,Agricultural - Machinery,NSE
INDOFARM.NS,Indo Farm Equipment Ltd.,Industrials,Agricultural - Machinery,NSE
JISLJALEQS.NS,Jain Irrigation Systems Limited,Industrials,Agricultural - Machinery,NSE
MAHEPC.NS,Mahindra EPC Irrigation Limited,Industrials,Agricultural - Machinery,NSE
RMDRIP.NS,R M Drip & Sprinklers Systems Ltd.,Industrials,Agricultural - Machinery,NSE
RVTH.NS,Revathi Equipment India Ltd.,Industrials,Agricultural - Machinery,NSE
SEMAC.NS,Semac Construction Ltd.,Industrials,Agricultural - Machinery,NSE
TARACHAND.NS,Tara Chand Infra Soln Ltd,Industrials,Agricultural - Machinery,NSE
TIL.NS,TIL Limited,Industrials,Agricultural - Machinery,NSE
UNIPARTS.NS,Uniparts India Limited,Industrials,Agricultural - Machinery,NSE
VSTTILLERS.NS,V.S.T. Tillers Tractors Limited,Industrials,Agricultural - Machinery,NSE
DREAMFOLKS.NS,Dreamfolks Services Limited,Industrials,"Airlines, Airports & Air Services",NSE
GLOBALVECT.NS,Global Vectra Helicorp Limited,Industrials,"Airlines, Airports & Air Services",NSE
INDIGO.NS,InterGlobe Aviation Limited,Industrials,"Airlines, Airports & Air Services",NSE
JALAN.NS,Jalan Transolutions (India) Ltd,Industrials,"Airlines, Airports & Air Services",NSE
KLL.NS,Kaushalya Logistics Ltd.,Industrials,"Airlines, Airports & Air Services",NSE
SJLOGISTIC.NS,S J Logistics (India) Ltd.,Industrials,"Airlines, Airports & Air Services",NSE
ZEAL.NS,Zeal Global Services Ltd.,Industrials,"Airlines, Airports & Air Services",NSE
CONTROLPR.NS,Control Print Limited,Industrials,Business Equipment & Supplies,NSE
DOMS.NS,Doms Industries Limited,Industrials,Business Equipment & Supplies,NSE
FLAIR.NS,Flair Writing Industries Limited,Industrials,Business Equipment & Supplies,NSE
KOKUYOCMLN.NS,Kokuyo Camlin Limited,Industrials,Business Equipment & Supplies,NSE
LINC.NS,Linc Ltd.,Industrials,Business Equipment & Supplies,NSE
NAMAN.NS,Naman In-Store (India) Ltd.,Industrials,Business Equipment & Supplies,NSE
OMFURN.NS,Omfurn India Ltd.,Industrials,Business Equipment & Supplies,NSE
TRANSTEEL.NS,Transteel Seating Technologies Ltd.,Industrials,Business Equipment & Supplies,NSE
3MINDIA.NS,3M India Limited,Industrials,Conglomerates,NSE
BALMLAWRIE.NS,Balmer Lawrie & Co. Ltd.,Industrials,Conglomerates,NSE
BEML.NS,BEML Limited,Industrials,Conglomerates,NSE
CARBORUNIV.NS,Carborundum Universal Limited,Industrials,Conglomerates,NSE
CYIENT.NS,Cyient Limited,Industrials,Conglomerates,NSE
ESSENTIA.NS,Integra Essentia Limited,Industrials,Conglomerates,NSE
GILLANDERS.NS,Gillanders Arbuthnot and Company Limited,Industrials,Conglomerates,NSE
GODREJIND.NS,Godrej Industries Limited,Industrials,Conglomerates,NSE
INM.NS,Interiors & More Ltd.,Industrials,Conglomerates,NSE
JSWHL.NS,JSW Holdings Limited,Industrials,Conglomerates,NSE
KOTHARIPRO.NS,Kothari Products Limited,Industrials,Conglomerates,NSE
KRYSTAL.NS,Krystal Integrated,Industrials,Conglomerates,NSE
LANDSMILL.NS,Landsmill Green Limited,Industrials,Conglomerates,NSE
MMTC.NS,MMTC Limited,Industrials,Conglomerates,NSE
MSTCLTD.NS,MSTC Limited,Industrials,Conglomerates,NSE
NAVA.NS,Nava Limited,Industrials,Conglomerates,NSE
NESCO.NS,Nesco Limited,Industrials,Conglomerates,NSE
PVP.NS,PVP Ventures Limited,Industrials,Conglomerates,NSE
ROLLT.NS,Rollatainers Limited,Industrials,Conglomerates,NSE
ROSSELLIND.NS,Rossell India Limited,Industrials,Conglomerates,NSE
SBC.NS,SBC Exports Limited,Industrials,Conglomerates,NSE
SINDHUTRAD.NS,Sindhu Trade Links Limited,Industrials,Conglomerates,NSE
STCINDIA.NS,The State Trading Corporation of India Limited,Industrials,Conglomerates,NSE
SWANCORP.NS,Swan Corp Limited,Industrials,Conglomerates,NSE
TIINDIA.NS,Tube Investments of India Limited,Industrials,Conglomerates,NSE
ZUARIIND.NS,Zuari Industries Limited,Industrials,Conglomerates,NSE
AHLADA.NS,Ahlada Engineers Limited,Industrials,Construction,NSE
APOLLOPIPE.NS,Apollo Pipes Limited,Industrials,Construction,NSE
AROGRANITE.NS,Aro Granite Industries Limited,Industrials,Construction,NSE
ASIANTILES.NS,Asian Granito India Limited,Industrials,Construction,NSE
ASTRAL.NS,Astral Limited,Industrials,Construction,NSE
BEARDSELL.NS,Beardsell Limited,Industrials,Construction,NSE
BIGBLOC.NS,Bigbloc Construction Limited,Industrials,Construction,NSE
CERA.NS,Cera Sanitaryware Limited,Industrials,Construction,NSE
EVERESTIND.NS,Everest Industries Limited,Industrials,Construction,NSE
EXXARO.NS,Exxaro Tiles Limited,Industrials,Construction,NSE
FINPIPE.NS,Finolex Industries Limited,Industrials,Construction,NSE
GRINDWELL.NS,Grindwell Norton Limited,Industrials,Construction,NSE
HARDWYN.NS,Hardwyn India Limited,Industrials,Construction,NSE
KAJARIACER.NS,Kajaria Ceramics Limited,Industrials,Construction,NSE
KRITI.NS,Kriti Industries (India) Limited,Industrials,Construction,NSE
LEXUS.NS,Lexus Granito (India) Limited,Industrials,Construction,NSE
MADHAV.NS,Madhav Marbles and Granites Limited,Industrials,Construction,NSE
MURUDCERA.NS,Murudeshwar Ceramics Ltd.,Industrials,Construction,NSE
NITCO.NS,NITCO Limited,Industrials,Construction,NSE
ORIENTALTL.NS,Oriental Trimex Limited,Industrials,Construction,NSE
ORIENTBELL.NS,Orient Bell Limited,Industrials,Construction,NSE
POKARNA.NS,Pokarna Limited,Industrials,Construction,NSE
PPL.NS,Prakash Pipes Limited,Industrials,Construction,NSE
PRINCEPIPE.NS,Prince Pipes and Fittings Limited,Industrials,Construction,NSE
RAMCOIND.NS,Ramco Industries Limited,Industrials,Construction,NSE
REGENCERAM.NS,Regency Ceramics Limited,Industrials,Construction,NSE
SEJALLTD.NS,Sejal Glass Limited,Industrials,Construction,NSE
SOMANYCERA.NS,Somany Ceramics Limited,Industrials,Construction,NSE
SUPREMEIND.NS,The Supreme Industries Limited,Industrials,Construction,NSE
TEXMOPIPES.NS,Texmo Pipes and Products Limited,Industrials,Construction,NSE
TIJARIA.NS,Tijaria Polypipes Limited,Industrials,Construction,NSE
VISAKAIND.NS,Visaka Industries Limited,Industrials,Construction,NSE
BIRLANU.NS,BirlaNu Limited,Industrials,Construction Materials,NSE
EUROBOND.NS,Euro Panel Products Ltd.,Industrials,Construction Materials,NSE
LATENTVIEW.NS,Latent View Analytics Limited,Industrials,Consulting Services,NSE
REPL.NS,Rudrabhishek Enterprises Limited,Industrials,Consulting Services,NSE
SECMARK.NS,SecMark Consultancy Limited,Industrials,Consulting Services,NSE
AARTECH.NS,Aartech Solonics Limited,Industrials,Electrical Equipment & Parts,NSE
APARINDS.NS,Apar Industries Limited,Industrials,Electrical Equipment & Parts,NSE
ARE&M.NS,Amara Raja Energy & Mobility Limited,Industrials,Electrical Equipment & Parts,NSE
AURIGROW.NS,Auri Grow India Ltd.,Industrials,Electrical Equipment & Parts,NSE
BBL.NS,Bharat Bijlee Limited,Industrials,Electrical Equipment & Parts,NSE
CGPOWER.NS,CG Power and Industrial Solutions Limited,Industrials,Electrical Equipment & Parts,NSE
CMICABLES.NS,CMI Ltd.,Industrials,Electrical Equipment & Parts,NSE
CORDSCABLE.NS,Cords Cable Industries Limited,Industrials,Electrical Equipment & Parts,NSE
DENORA.NS,De Nora India Limited,Industrials,Electrical Equipment & Parts,NSE
DPEL.NS,Divine Power Energy Ltd.,Industrials,Electrical Equipment & Parts,NSE
DYCL.NS,Dynamic Cables Limited,Industrials,Electrical Equipment & Parts,NSE
ELIN.NS,Elin Electronics Limited,Industrials,Electrical Equipment & Parts,NSE
EVEREADY.NS,Eveready Industries India Limited,Industrials,Electrical Equipment & Parts,NSE
EXICOM.NS,Exicom Tele-Systems Limited,Industrials,Electrical Equipment & Parts,NSE
FINCABLES.NS,Finolex Cables Limited,Industrials,Electrical Equipment & Parts,NSE
GEEKAYWIRE.NS,Geekay Wires Limited,Industrials,Electrical Equipment & Parts,NSE
GENUSPOWER.NS,Genus Power Infrastructures Limited,Industrials,Electrical Equipment & Parts,NSE
GOLDSTAR.NS,Goldstar Power Ltd.,Industrials,Electrical Equipment & Parts,NSE
GRAPHITE.NS,Graphite India Limited,Industrials,Electrical Equipment & Parts,NSE
HAVELLS.NS,Havells India Limited,Industrials,Electrical Equipment & Parts,NSE
HBLENGINE.NS,HBL Engineering Ltd.,Industrials,Electrical Equipment & Parts,NSE
HEG.NS,HEG Limited,Industrials,Electrical Equipment & Parts,NSE
HIRECT.NS,Hind Rectifiers Limited,Industrials,Electrical Equipment & Parts,NSE
HONAUT.NS,Honeywell Automation India Limited,Industrials,Electrical Equipment & Parts,NSE
HPL.NS,HPL Electric & Power Limited,Industrials,Electrical Equipment & Parts,NSE
INDOTECH.NS,Indo Tech Transformers Limited,Industrials,Electrical Equipment & Parts,NSE
KEI.NS,KEI Industries Limited,Industrials,Electrical Equipment & Parts,NSE
KEL.NS,Kundan Edifice Ltd.,Industrials,Electrical Equipment & Parts,NSE
MAKS.NS,Maks Energy Solutions India Ltd.,Industrials,Electrical Equipment & Parts,NSE
MARCO.NS,Marco Cables & Conductors Ltd.,Industrials,Electrical Equipment & Parts,NSE
MEIL.NS,Mangal Electrical Industries Ltd.,Industrials,Electrical Equipment & Parts,NSE
MODISONLTD.NS,Modison Limited,Industrials,Electrical Equipment & Parts,NSE
NIPPOBATRY.NS,Indo National Limited,Industrials,Electrical Equipment & Parts,NSE
PLAZACABLE.NS,Plaza Wires Limited,Industrials,Electrical Equipment & Parts,NSE
POLYCAB.NS,Polycab India Limited,Industrials,Electrical Equipment & Parts,NSE
PRECWIRE.NS,Precision Wires India Limited,Industrials,Electrical Equipment & Parts,NSE
PROSTARM.NS,Prostarm Info Systems Ltd.,Industrials,Electrical Equipment & Parts,NSE
QPOWER.NS,Quality Power Electrical Equipments Ltd,Industrials,Electrical Equipment & Parts,NSE
RAMRAT.NS,Ram Ratna Wires Limited,Industrials,Electrical Equipment & Parts,NSE
RRKABEL.NS,R R Kabel Limited,Industrials,Electrical Equipment & Parts,NSE
SAAKSHI.NS,Saakshi Medtech & Panels Ltd.,Industrials,Electrical Equipment & Parts,NSE
SALZERELEC.NS,Salzer Electronics Limited,Industrials,Electrical Equipment & Parts,NSE
SANCO.NS,Sanco Industries Limited,Industrials,Electrical Equipment & Parts,NSE
SCHNEIDER.NS,Schneider Electric Infrastructure Limited,Industrials,Electrical Equipment & Parts,NSE
SERVOTECH.NS,Servotech Power Systems Limited,Industrials,Electrical Equipment & Parts,NSE
SHERA.NS,Shera Energy Ltd.,Industrials,Electrical Equipment & Parts,NSE
SPCL.NS,Shivalic Power Control Ltd.,Industrials,Electrical Equipment & Parts,NSE
SPECTRUM.NS,Spectrum Electrical Industries Ltd.,Industrials,Electrical Equipment & Parts,NSE
S&SPOWER.NS,S&S Power Switchgear Limited,Industrials,Electrical Equipment & Parts,NSE
SUPREMEPWR.NS,Supreme Power Equipment Ltd.,Industrials,Electrical Equipment & Parts,NSE
TARIL.NS,Transformers and Rectifiers (India) Limited,Industrials,Electrical Equipment & Parts,NSE
UNIVCABLES.NS,Universal Cables Limited,Industrials,Electrical Equipment & Parts,NSE
VETO.NS,Veto Switchgears and Cables Limited,Industrials,Electrical Equipment & Parts,NSE
VGUARD.NS,V-Guard Industries Limited,Industrials,Electrical Equipment & Parts,NSE
VMARCIND.NS,V-Marc India Ltd.,Industrials,Electrical Equipment & Parts,NSE
VOLTAMP.NS,Voltamp Transformers Limited,Industrials,Electrical Equipment & Parts,NSE
WSI.NS,W.S. Industries (India) Limited,Industrials,Electrical Equipment & Parts,NSE
A2ZINFRA.NS,A2Z Infra Engineering Limited,Industrials,Engineering & Construction,NSE
ABINFRA.NS,A B Infrabuild Ltd.,Industrials,Engineering & Construction,NSE
AFCONS.NS,Afcons Infrastructure Ltd.,Industrials,Engineering & Construction,NSE
AHLUCONT.NS,Ahluwalia Contracts (India) Limited,Industrials,Engineering & Construction,NSE
AKASH.NS,Akash Infra-Projects Limited,Industrials,Engineering & Construction,NSE
ASHOKA.NS,Ashoka Buildcon Limited,Industrials,Engineering & Construction,NSE
ATALREAL.NS,Atal Realtech Limited,Industrials,Engineering & Construction,NSE
AVPINFRA.NS,AVP Infracon Ltd.,Industrials,Engineering & Construction,NSE
AXISCADES.NS,Axiscades Technologies Limited,Industrials,Engineering & Construction,NSE
BGRENERGY.NS,BGR Energy Systems Limited,Industrials,Engineering & Construction,NSE
BLKASHYAP.NS,B.L. Kashyap and Sons Limited,Industrials,Engineering & Construction,NSE
BMETRICS.NS,Bombay Metrics Supply Chain Ltd.,Industrials,Engineering & Construction,NSE
CAPACITE.NS,Capacit'e Infraprojects Limited,Industrials,Engineering & Construction,NSE
CCCL.NS,Consolidated Construction Consortium Limited,Industrials,Engineering & Construction,NSE
CEIGALL.NS,Ceigall India Ltd.,Industrials,Engineering & Construction,NSE
CEMPRO.NS,Cemindia Projects Limited,Industrials,Engineering & Construction,NSE
DBEIL.NS,Deepak Builders & Engineers India Ltd.,Industrials,Engineering & Construction,NSE
DBL.NS,Dilip Buildcon Limited,Industrials,Engineering & Construction,NSE
DENTA.NS,Denta Water and Infra Solutions Ltd.,Industrials,Engineering & Construction,NSE
DHRUV.NS,Dhruv Consultancy Services Limited,Industrials,Engineering & Construction,NSE
DREDGECORP.NS,Dredging Corporation of India Limited,Industrials,Engineering & Construction,NSE
EIEL.NS,Enviro Infra Engineers Ltd.,Industrials,Engineering & Construction,NSE
EMSLIMITED.NS,EMS Limited,Industrials,Engineering & Construction,NSE
ENGINERSIN.NS,Engineers India Limited,Industrials,Engineering & Construction,NSE
FALCONTECH.NS,Falcon Technoprojects India Ltd.,Industrials,Engineering & Construction,NSE
GARUDA.NS,Garuda Construction and Engineering Limited,Industrials,Engineering & Construction,NSE
GAYAPROJ.NS,Gayatri Projects Limited,Industrials,Engineering & Construction,NSE
GENCON.NS,Generic Engineering Construction and Projects Limited,Industrials,Engineering & Construction,NSE
GIRIRAJ.NS,Giriraj Civil Developers Ltd.,Industrials,Engineering & Construction,NSE
GLOBECIVIL.NS,Globe Civil Projects Ltd.,Industrials,Engineering & Construction,NSE
GPTINFRA.NS,GPT Infraprojects Limited,Industrials,Engineering & Construction,NSE
GRINFRA.NS,G R Infraprojects Limited,Industrials,Engineering & Construction,NSE
GVPIL.NS,GE Power India Limited,Industrials,Engineering & Construction,NSE
HCC.NS,Hindustan Construction Company Limited,Industrials,Engineering & Construction,NSE
HECPROJECT.NS,HEC Infra Projects Limited,Industrials,Engineering & Construction,NSE
HGINFRA.NS,H.G. Infra Engineering Limited,Industrials,Engineering & Construction,NSE
IL&FSENGG.NS,IL&FS Engineering and Construction Company Limited,Industrials,Engineering & Construction,NSE
INDIANHUME.NS,The Indian Hume Pipe Company Limited,Industrials,Engineering & Construction,NSE
INTERARCH.NS,Interarch Building Products Ltd.,Industrials,Engineering & Construction,NSE
IRCON.NS,Ircon International Limited,Industrials,Engineering & Construction,NSE
JKIL.NS,J. Kumar Infraprojects Limited,Industrials,Engineering & Construction,NSE
K2INFRA.NS,K2 Infragen Ltd.,Industrials,Engineering & Construction,NSE
KAUSHALYA.NS,Kaushalya Infrastructure Development Corporation Limited,Industrials,Engineering & Construction,NSE
KCEIL.NS,Kay Cee Energy & Infra Ltd.,Industrials,Engineering & Construction,NSE
KEC.NS,KEC International Limited,Industrials,Engineering & Construction,NSE
KNRCON.NS,KNR Constructions Limited,Industrials,Engineering & Construction,NSE
KONSTELEC.NS,Konstelec Engineers Ltd.,Industrials,Engineering & Construction,NSE
KPEL.NS,K.P. Energy Ltd.,Industrials,Engineering & Construction,NSE
KPIL.NS,Kalpataru Projects International Limited,Industrials,Engineering & Construction,NSE
LT.NS,Larsen & Toubro Limited,Industrials,Engineering & Construction,NSE
MADHUCON.NS,Madhucon Projects Limited,Industrials,Engineering & Construction,NSE
MANINFRA.NS,Man Infraconstruction Limited,Industrials,Engineering & Construction,NSE
MASON.NS,Mason Infratech Ltd.,Industrials,Engineering & Construction,NSE
MBEL.NS,M And B Engineering Ltd.,Industrials,Engineering & Construction,NSE
MBLINFRA.NS,MBL Infrastructures Limited,Industrials,Engineering & Construction,NSE
MITCON.NS,MITCON Consultancy & Engineering Services Limited,Industrials,Engineering & Construction,NSE
MOLDTECH.NS,Mold-Tek Technologies Limited,Industrials,Engineering & Construction,NSE
NBCC.NS,NBCC (India) Limited,Industrials,Engineering & Construction,NSE
NCC.NS,NCC Limited,Industrials,Engineering & Construction,NSE
NIRAJ.NS,Niraj Cement Structurals Limited,Industrials,Engineering & Construction,NSE
OMINFRAL.NS,Om Infra Limited,Industrials,Engineering & Construction,NSE
ORIANA.NS,Oriana Power Ltd.,Industrials,Engineering & Construction,NSE
PATELENG.NS,Patel Engineering Limited,Industrials,Engineering & Construction,NSE
PIGL.NS,Power & Instrumental (Gujarat) Limited,Industrials,Engineering & Construction,NSE
PNCINFRA.NS,PNC Infratech Limited,Industrials,Engineering & Construction,NSE
POWERMECH.NS,Power Mech Projects Limited,Industrials,Engineering & Construction,NSE
PRAJIND.NS,Praj Industries Limited,Industrials,Engineering & Construction,NSE
PSPPROJECT.NS,PSP Projects Limited,Industrials,Engineering & Construction,NSE
RAMKY.NS,Ramky Infrastructure Limited,Industrials,Engineering & Construction,NSE
RBMINFRA.NS,RBM Infracon Ltd.,Industrials,Engineering & Construction,NSE
RIIL.NS,Reliance Industrial Infrastructure Limited,Industrials,Engineering & Construction,NSE
RILINFRA.NS,Rachana Infrastructure Ltd.,Industrials,Engineering & Construction,NSE
RITES.NS,RITES Limited,Industrials,Engineering & Construction,NSE
RKEC.NS,RKEC Projects Limited,Industrials,Engineering & Construction,NSE
RPPINFRA.NS,R.P.P. Infra Projects Limited,Industrials,Engineering & Construction,NSE
RULKA.NS,Rulka Electricals Ltd.,Industrials,Engineering & Construction,NSE
RVNL.NS,Rail Vikas Nigam Limited,Industrials,Engineering & Construction,NSE
SADBHAV.NS,Sadbhav Engineering Limited,Industrials,Engineering & Construction,NSE
SADBHIN.NS,Sadbhav Infrastructure Project Limited,Industrials,Engineering & Construction,NSE
SEPC.NS,SEPC Limited,Industrials,Engineering & Construction,NSE
SETUINFRA.NS,Setubandhan Infrastructure Limited,Industrials,Engineering & Construction,NSE
SIDDHIKA.NS,Siddhika Coatings Ltd.,Industrials,Engineering & Construction,NSE
SIMPLEXINF.NS,Simplex Infrastructures Limited,Industrials,Engineering & Construction,NSE
SKIL.NS,SKIL Infrastructure Ltd.,Industrials,Engineering & Construction,NSE
SKIPPER.NS,Skipper Limited,Industrials,Engineering & Construction,NSE
SONUINFRA.NS,Sonu Infratech Ltd.,Industrials,Engineering & Construction,NSE
SPMLINFRA.NS,SPML Infra Limited,Industrials,Engineering & Construction,NSE
SRM.NS,SRM Contractors Limited,Industrials,Engineering & Construction,NSE
SUPREMEINF.NS,Supreme Infrastructure India Limited,Industrials,Engineering & Construction,NSE
TARMAT.NS,Tarmat Limited,Industrials,Engineering & Construction,NSE
TECHNOE.NS,Techno Electric & Engineering Company Limited,Industrials,Engineering & Construction,NSE
TGL.NS,Teerth Gopicon Ltd.,Industrials,Engineering & Construction,NSE
TICL.NS,Twamev Construction & Infrastructure Ltd.,Industrials,Engineering & Construction,NSE
TPHQ.NS,Teamo Productions HQ Limited,Industrials,Engineering & Construction,NSE
TRANSRAILL.NS,Transrail Lighting Ltd.,Industrials,Engineering & Construction,NSE
TRANSWIND.NS,Transwind Infrastructures Ltd.,Industrials,Engineering & Construction,NSE
UNIVASTU.NS,Univastu India Limited,Industrials,Engineering & Construction,NSE
USK.NS,Udayshivakumar Infra Limited,Industrials,Engineering & Construction,NSE
VASCONEQ.NS,Vascon Engineers Limited,Industrials,Engineering & Construction,NSE
VINDHYATEL.NS,Vindhya Telelinks Limited,Industrials,Engineering & Construction,NSE
VIVIANA.NS,Viviana Power Tech Ltd.,Industrials,Engineering & Construction,NSE
VPRPL.NS,Vishnu Prakash R Punglia Limited,Industrials,Engineering & Construction,NSE
WALCHANNAG.NS,Walchandnagar Industries Limited,Industrials,Engineering & Construction,NSE
WELENT.NS,Welspun Enterprises Limited,Industrials,Engineering & Construction,NSE
WINSOL.NS,Winsol Engineers Ltd.,Industrials,Engineering & Construction,NSE
ZTECH.NS,Z-Tech (India) Ltd.,Industrials,Engineering & Construction,NSE
MARINETRAN.NS,Marinetrans India Ltd.,Industrials,General Transportation,NSE
SADHAV.NS,Sadhav Shipping Ltd.,Industrials,General Transportation,NSE
SHREEOSFM.NS,Shree OSFM E-Mobility Ltd.,Industrials,General Transportation,NSE
AGARWALFT.NS,Agarwal Float Glass India Ltd.,Industrials,Industrial - Distribution,NSE
ANLON.NS,Anlon Technology Solutions Ltd.,Industrials,Industrial - Distribution,NSE
ASPIRE.NS,Aspire & Innovative Advertising Ltd.,Industrials,Industrial - Distribution,NSE
DENEERS.NS,De Neers Tool Ltd.,Industrials,Industrial - Distribution,NSE
PRIZOR.NS,Prizor Viztech Ltd.,Industrials,Industrial - Distribution,NSE
ROCKINGDCE.NS,Rockingdeals Circular Economy Ltd.,Industrials,Industrial - Distribution,NSE
SGMART.NS,SG Mart Ltd.,Industrials,Industrial - Distribution,NSE
SILKFLEX.NS,Silkflex Polymers (India) Ltd.,Industrials,Industrial - Distribution,NSE
VISAMAN.NS,Visaman Global Sales Ltd.,Industrials,Industrial - Distribution,NSE
ATLANTAA.NS,Atlantaa Ltd.,Industrials,Industrial - Infrastructure Operations,NSE
BRNL.NS,Bharat Road Network Limited,Industrials,Industrial - Infrastructure Operations,NSE
GAYAHWS.NS,Gayatri Highways Limited,Industrials,Industrial - Infrastructure Operations,NSE
GMRP&UI.NS,GMR Power And Urban Infra Limited,Industrials,Industrial - Infrastructure Operations,NSE
HILINFRA.NS,Highway Infrastructure Limited,Industrials,Industrial - Infrastructure Operations,NSE
IL&FSTRANS.NS,IL&FS Transportation Networks Limited,Industrials,Industrial - Infrastructure Operations,NSE
IRBINVIT.NS,IRB InvIT Fund,Industrials,Industrial - Infrastructure Operations,NSE
IRB.NS,IRB Infrastructure Developers Limited,Industrials,Industrial - Infrastructure Operations,NSE
MARKOLINES.NS,Markolines Pavement Technologies Ltd.,Industrials,Industrial - Infrastructure Operations,NSE
MEP.NS,MEP Infrastructure Developers Limited,Industrials,Industrial - Infrastructure Operations,NSE
NOIDATOLL.NS,Noida Toll Bridge Company Limited,Industrials,Industrial - Infrastructure Operations,NSE
AARON.NS,Aaron Industries Limited,Industrials,Industrial - Machinery,NSE
ABB.NS,ABB India Limited,Industrials,Industrial - Machinery,NSE
ADOR.NS,Ador Welding Limited,Industrials,Industrial - Machinery,NSE
AFFORDABLE.NS,Affordable Robotic & Automation Ltd.,Industrials,Industrial - Machinery,NSE
AIAENG.NS,AIA Engineering Limited,Industrials,Industrial - Machinery,NSE
AMEYA.NS,Ameya Precision Engineers Ltd.,Industrials,Industrial - Machinery,NSE
ANUP.NS,The Anup Engineering Limited,Industrials,Industrial - Machinery,NSE
ATAM.NS,Atam Valves Limited,Industrials,Industrial - Machinery,NSE
AUROIMPEX.NS,Auro Impex & Chemicals Ltd.,Industrials,Industrial - Machinery,NSE
AZAD.NS,Azad Engineering Limited,Industrials,Industrial - Machinery,NSE
BEWLTD.NS,BEW Engineering Ltd.,Industrials,Industrial - Machinery,NSE
BHEL.NS,Bharat Heavy Electricals Limited,Industrials,Industrial - Machinery,NSE
BLUESTARCO.NS,Blue Star Limited,Industrials,Industrial - Machinery,NSE
CUMMINSIND.NS,Cummins India Limited,Industrials,Industrial - Machinery,NSE
DELTAMAGNT.NS,Delta Manufacturing Limited,Industrials,Industrial - Machinery,NSE
DIFFNKG.NS,Diffusion Engineers Limited,Industrials,Industrial - Machinery,NSE
DUCON.NS,Ducon Infratechnologies Limited,Industrials,Industrial - Machinery,NSE
EKC.NS,Everest Kanto Cylinder Limited,Industrials,Industrial - Machinery,NSE
ELECON.NS,Elecon Engineering Company Limited,Industrials,Industrial - Machinery,NSE
ELGIEQUIP.NS,Elgi Equipments Limited,Industrials,Industrial - Machinery,NSE
EMKAYTOOLS.NS,Emkay Taps & Cutting Tools Ltd.,Industrials,Industrial - Machinery,NSE
EMMIL.NS,Energy-Mission Machineries (India) Ltd.,Industrials,Industrial - Machinery,NSE
GALAPREC.NS,Gala Precision Engineering Ltd.,Industrials,Industrial - Machinery,NSE
GLOBALPET.NS,Global Pet Industries Ltd.,Industrials,Industrial - Machinery,NSE
GMMPFAUDLR.NS,GMM Pfaudler Limited,Industrials,Industrial - Machinery,NSE
GREAVESCOT.NS,Greaves Cotton Limited,Industrials,Industrial - Machinery,NSE
GUJAPOLLO.NS,Gujarat Apollo Industries Limited,Industrials,Industrial - Machinery,NSE
HLEGLAS.NS,HLE Glascoat Limited,Industrials,Industrial - Machinery,NSE
HONDAPOWER.NS,Honda India Power Products Limited,Industrials,Industrial - Machinery,NSE
ICEMAKE.NS,Ice Make Refrigeration Limited,Industrials,Industrial - Machinery,NSE
INGERRAND.NS,Ingersoll-Rand (India) Limited,Industrials,Industrial - Machinery,NSE
INOXINDIA.NS,INOX India Limited,Industrials,Industrial - Machinery,NSE
INTLCONV.NS,International Conveyors Limited,Industrials,Industrial - Machinery,NSE
ISGEC.NS,Isgec Heavy Engineering Limited,Industrials,Industrial - Machinery,NSE
JASH.NS,Jash Engineering Limited,Industrials,Industrial - Machinery,NSE
JNKINDIA.NS,JNK India Ltd.,Industrials,Industrial - Machinery,NSE
JYOTICNC.NS,Jyoti CNC Automation Limited,Industrials,Industrial - Machinery,NSE
JYOTISTRUC.NS,Jyoti Structures Limited,Industrials,Industrial - Machinery,NSE
KABRAEXTRU.NS,Kabra Extrusiontechnik Limited,Industrials,Industrial - Machinery,NSE
KAYNES.NS,Kaynes Technology India Limited,Industrials,Industrial - Machinery,NSE
KECL.NS,Kirloskar Electric Company Limited,Industrials,Industrial - Machinery,NSE
KIRLOSBROS.NS,Kirloskar Brothers Limited,Industrials,Industrial - Machinery,NSE
KIRLOSENG.NS,Kirloskar Oil Engines Limited,Industrials,Industrial - Machinery,NSE
KIRLPNU.NS,Kirloskar Pneumatic Company Limited,Industrials,Industrial - Machinery,NSE
KSB.NS,KSB Limited,Industrials,Industrial - Machinery,NSE
LATTEYS.NS,Latteys Industries Limited,Industrials,Industrial - Machinery,NSE
LLOYDSENGG.NS,Lloyds Engineering Works Limited,Industrials,Industrial - Machinery,NSE
LMW.NS,LMW Ltd.,Industrials,Industrial - Machinery,NSE
LOKESHMACH.NS,Lokesh Machines Limited,Industrials,Industrial - Machinery,NSE
MACPOWER.NS,Macpower CNC Machines Limited,Industrials,Industrial - Machinery,NSE
MAMATA.NS,Mamata Machinery Ltd.,Industrials,Industrial - Machinery,NSE
MANUGRAPH.NS,Manugraph India Limited,Industrials,Industrial - Machinery,NSE
MAZDA.NS,Mazda Limited,Industrials,Industrial - Machinery,NSE
MEGATHERM.NS,Megatherm Induction Ltd.,Industrials,Industrial - Machinery,NSE
MTARTECH.NS,MTAR Technologies Limited,Industrials,Industrial - Machinery,NSE
NIBE.NS,Nibe Ltd.,Industrials,Industrial - Machinery,NSE
PENIND.NS,Pennar Industries Limited,Industrials,Industrial - Machinery,NSE
PENTAGON.NS,Pentagon Rubber Ltd.,Industrials,Industrial - Machinery,NSE
PIXTRANS.NS,PIX Transmissions Limited,Industrials,Industrial - Machinery,NSE
POLYSIL.NS,Polysil Irrigation Systems Ltd.,Industrials,Industrial - Machinery,NSE
PREMIER.NS,Premier Limited,Industrials,Industrial - Machinery,NSE
PRESSTONIC.NS,Presstonic Engineering Ltd.,Industrials,Industrial - Machinery,NSE
PRITIKAUTO.NS,Pritika Auto Industries Limited,Industrials,Industrial - Machinery,NSE
RAJOOENG.NS,Rajoo Engineers Ltd.,Industrials,Industrial - Machinery,NSE
ROTO.NS,Roto Pumps Limited,Industrials,Industrial - Machinery,NSE
SCML.NS,Sharp Chucks & Machines Ltd.,Industrials,Industrial - Machinery,NSE
SETL.NS,Standard Engineering Technology Limited,Industrials,Industrial - Machinery,NSE
SHAKTIPUMP.NS,Shakti Pumps (India) Limited,Industrials,Industrial - Machinery,NSE
SHANTIGEAR.NS,Shanthi Gears Limited,Industrials,Industrial - Machinery,NSE
SIEMENS.NS,Siemens Limited,Industrials,Industrial - Machinery,NSE
SOMICONVEY.NS,Somi Conveyor Beltings Limited,Industrials,Industrial - Machinery,NSE
SONAMAC.NS,Sona Machinery Ltd.,Industrials,Industrial - Machinery,NSE
SWASTIK.NS,Swastik Pipe Ltd.,Industrials,Industrial - Machinery,NSE
TARAPUR.NS,Tarapur Transformers Limited,Industrials,Industrial - Machinery,NSE
TDPOWERSYS.NS,TD Power Systems Limited,Industrials,Industrial - Machinery,NSE
TEGA.NS,Tega Industries Limited,Industrials,Industrial - Machinery,NSE
TEXRAIL.NS,Texmaco Rail & Engineering Limited,Industrials,Industrial - Machinery,NSE
THEJO.NS,Thejo Engineering Limited,Industrials,Industrial - Machinery,NSE
THERMAX.NS,Thermax Limited,Industrials,Industrial - Machinery,NSE
TRF.NS,TRF Limited,Industrials,Industrial - Machinery,NSE
TRITURBINE.NS,Triveni Turbine Limited,Industrials,Industrial - Machinery,NSE
VESUVIUS.NS,Vesuvius India Limited,Industrials,Industrial - Machinery,NSE
VOLTAS.NS,Voltas Limited,Industrials,Industrial - Machinery,NSE
WINDMACHIN.NS,Windsor Machines Limited,Industrials,Industrial - Machinery,NSE
YUKEN.NS,Yuken India Limited,Industrials,Industrial - Machinery,NSE
BANKA.NS,Banka BioLoo Limited,Industrials,Industrial - Pollution & Treatment Controls,NSE
IONEXCHANG.NS,Ion Exchange (India) Limited,Industrials,Industrial - Pollution & Treatment Controls,NSE
GVT&D.NS,GE Vernova T&D India Limited,Industrials,Industrial - Specialties,NSE
ACCURACY.NS,Accuracy Shipping Limited,Industrials,Integrated Freight & Logistics,NSE
ALLCARGO.NS,Allcargo Logistics Limited,Industrials,Integrated Freight & Logistics,NSE
ARSHIYA.NS,Arshiya Limited,Industrials,Integrated Freight & Logistics,NSE
ATL.NS,Allcargo Terminals Limited,Industrials,Integrated Freight & Logistics,NSE
AVG.NS,AVG Logistics Limited,Industrials,Integrated Freight & Logistics,NSE
BLUEDART.NS,Blue Dart Express Limited,Industrials,Integrated Freight & Logistics,NSE
DELHIVERY.NS,Delhivery Limited,Industrials,Integrated Freight & Logistics,NSE
GATEWAY.NS,Gateway Distriparks Limited,Industrials,Integrated Freight & Logistics,NSE
JETFREIGHT.NS,Jet Freight Logistics Limited,Industrials,Integrated Freight & Logistics,NSE
JITFINFRA.NS,JITF Infralogistics Limited,Industrials,Integrated Freight & Logistics,NSE
JSWINFRA.NS,JSW Infrastructure Limited,Industrials,Integrated Freight & Logistics,NSE
MAHESHWARI.NS,Maheshwari Logistics Limited,Industrials,Integrated Freight & Logistics,NSE
MAHLOG.NS,Mahindra Logistics Limited,Industrials,Integrated Freight & Logistics,NSE
NAVKARCORP.NS,Navkar Corporation Limited,Industrials,Integrated Freight & Logistics,NSE
PATINTLOG.NS,Patel Integrated Logistics Limited,Industrials,Integrated Freight & Logistics,NSE
RITCO.NS,Ritco Logistics Limited,Industrials,Integrated Freight & Logistics,NSE
SICALLOG.NS,Sical Logistics Limited,Industrials,Integrated Freight & Logistics,NSE
SNOWMAN.NS,Snowman Logistics Limited,Industrials,Integrated Freight & Logistics,NSE
TCIEXP.NS,TCI Express Limited,Industrials,Integrated Freight & Logistics,NSE
TCI.NS,Transport Corporation of India Limited,Industrials,Integrated Freight & Logistics,NSE
TIGERLOGS.NS,Tiger Logistics (India) Ltd.,Industrials,Integrated Freight & Logistics,NSE
TOTAL.NS,Total Transport Systems Limited,Industrials,Integrated Freight & Logistics,NSE
TVSSCS.NS,TVS Supply Chain Solutions Limited,Industrials,Integrated Freight & Logistics,NSE
VLEGOV.NS,VL E-Governance & IT Solutions Limited,Industrials,Integrated Freight & Logistics,NSE
WCIL.NS,Western Carriers (India) Ltd.,Industrials,Integrated Freight & Logistics,NSE
AEROFLEX.NS,Aeroflex Industries Limited,Industrials,Manufacturing - Metal Fabrication,NSE
ALICON.NS,Alicon Castalloy Limited,Industrials,Manufacturing - Metal Fabrication,NSE
ATMASTCO.NS,Atmastco Ltd.,Industrials,Manufacturing - Metal Fabrication,NSE
BAHETI.NS,Baheti Recycling Industries Ltd.,Industrials,Manufacturing - Metal Fabrication,NSE
BALUFORGE.NS,Balu Forge Industries Limited,Industrials,Manufacturing - Metal Fabrication,NSE
DCM.NS,DCM Limited,Industrials,Manufacturing - Metal Fabrication,NSE
DEEDEV.NS,Dee Development Engineers Ltd.,Industrials,Manufacturing - Metal Fabrication,NSE
DPWIRES.NS,D.P. Wires Limited,Industrials,Manufacturing - Metal Fabrication,NSE
GANDHITUBE.NS,Gandhi Special Tubes Limited,Industrials,Manufacturing - Metal Fabrication,NSE
GANGAFORGE.NS,Ganga Forging Limited,Industrials,Manufacturing - Metal Fabrication,NSE
GRAVITA.NS,Gravita India Limited,Industrials,Manufacturing - Metal Fabrication,NSE
HAPPYFORGE.NS,Happy Forgings Limited,Industrials,Manufacturing - Metal Fabrication,NSE
HILTON.NS,Hilton Metal Forging Limited,Industrials,Manufacturing - Metal Fabrication,NSE
JAINAM.NS,Jainam Ferro Alloys (India) Ltd.,Industrials,Manufacturing - Metal Fabrication,NSE
KIRLOSIND.NS,Kirloskar Industries Limited,Industrials,Manufacturing - Metal Fabrication,NSE
KRISHCA.NS,Krishca Strapping Solutions Ltd.,Industrials,Manufacturing - Metal Fabrication,NSE
MANAKCOAT.NS,Manaksia Coated Metals & Industries Limited,Industrials,Manufacturing - Metal Fabrication,NSE
MANAKSIA.NS,Manaksia Limited,Industrials,Manufacturing - Metal Fabrication,NSE
MMFL.NS,M M Forgings Limited,Industrials,Manufacturing - Metal Fabrication,NSE
NELCAST.NS,Nelcast Limited,Industrials,Manufacturing - Metal Fabrication,NSE
PITTIENG.NS,Pitti Engineering Limited,Industrials,Manufacturing - Metal Fabrication,NSE
PTCIL.NS,PTC Industries Limited,Industrials,Manufacturing - Metal Fabrication,NSE
RHIM.NS,RHI Magnesita India Ltd.,Industrials,Manufacturing - Metal Fabrication,NSE
ROLEXRINGS.NS,Rolex Rings Limited,Industrials,Manufacturing - Metal Fabrication,NSE
SANSERA.NS,Sansera Engineering Limited,Industrials,Manufacturing - Metal Fabrication,NSE
SBCL.NS,Shivalik Bimetal Controls Limited,Industrials,Manufacturing - Metal Fabrication,NSE
SGIL.NS,Synergy Green Industries Limited,Industrials,Manufacturing - Metal Fabrication,NSE
SKP.NS,SKP Bearing Industries Ltd.,Industrials,Manufacturing - Metal Fabrication,NSE
SMLT.NS,Sarthak Metals Limited,Industrials,Manufacturing - Metal Fabrication,NSE
SUNCLAY.NS,Sundaram-Clayton Limited,Industrials,Manufacturing - Metal Fabrication,NSE
TEMBO.NS,Tembo Global Industries Limited,Industrials,Manufacturing - Metal Fabrication,NSE
TIRUPATIFL.NS,Tirupati Forge Limited,Industrials,Manufacturing - Metal Fabrication,NSE
COOLCAPS.NS,Cool Caps Industries Ltd.,Industrials,Manufacturing - Miscellaneous,NSE
DURLAX.NS,Durlax Top Surface Ltd.,Industrials,Manufacturing - Miscellaneous,NSE
ESFL.NS,Essen Speciality Films Ltd.,Industrials,Manufacturing - Miscellaneous,NSE
GRCL.NS,Gayatri Rubbers & Chemicals Ltd.,Industrials,Manufacturing - Miscellaneous,NSE
MASTER.NS,Master Components Ltd.,Industrials,Manufacturing - Miscellaneous,NSE
NIRAJISPAT.NS,Niraj Ispat Industries Ltd.,Industrials,Manufacturing - Miscellaneous,NSE
REXPIPES.NS,Rex Pipes & Cables Industries Ltd.,Industrials,Manufacturing - Miscellaneous,NSE
SHAILY.NS,Shaily Engineering Plastics Limited,Industrials,Manufacturing - Miscellaneous,NSE
DIGJAMLMTD.NS,Digjam Limited,Industrials,Manufacturing - Textiles,NSE
GLOSTERLTD.NS,Gloster Ltd,Industrials,Manufacturing - Textiles,NSE
MANOMAY.NS,Manomay Tex India Limited,Industrials,Manufacturing - Textiles,NSE
SHIVATEX.NS,Shiva Texyarn Limited,Industrials,Manufacturing - Textiles,NSE
ESABINDIA.NS,ESAB India Limited,Industrials,Manufacturing - Tools & Accessories,NSE
HARSHA.NS,Harsha Engineers International Limited,Industrials,Manufacturing - Tools & Accessories,NSE
LAKPRE.NS,Lakshmi Precision Screws Limited,Industrials,Manufacturing - Tools & Accessories,NSE
NIBL.NS,NRB Industrial Bearings Limited,Industrials,Manufacturing - Tools & Accessories,NSE
RKFORGE.NS,Ramkrishna Forgings Limited,Industrials,Manufacturing - Tools & Accessories,NSE
SKFINDIA.NS,SKF India Limited,Industrials,Manufacturing - Tools & Accessories,NSE
SKFINDUS.NS,Skf Ind (industrial) Ltd.,Industrials,Manufacturing - Tools & Accessories,NSE
STERTOOLS.NS,Sterling Tools Limited,Industrials,Manufacturing - Tools & Accessories,NSE
TIIL.NS,Technocraft Industries (India) Limited,Industrials,Manufacturing - Tools & Accessories,NSE
TIMKEN.NS,Timken India Limited,Industrials,Manufacturing - Tools & Accessories,NSE
WENDT.NS,Wendt (India) Limited,Industrials,Manufacturing - Tools & Accessories,NSE
ABSMARINE.NS,ABS Marine Services Ltd.,Industrials,Marine Shipping,NSE
ADANIPORTS.NS,Adani Ports and Special Economic Zone Limited,Industrials,Marine Shipping,NSE
ESSARSHPNG.NS,Essar Shipping Limited,Industrials,Marine Shipping,NSE
GESHIP.NS,The Great Eastern Shipping Company Limited,Industrials,Marine Shipping,NSE
GPPL.NS,Gujarat Pipavav Port Limited,Industrials,Marine Shipping,NSE
KMEW.NS,Knowledge Marine & Engineering Works Ltd.,Industrials,Marine Shipping,NSE
MARINE.NS,Marine Electricals (India) Limited,Industrials,Marine Shipping,NSE
OLIL.NS,Oneclick Logistics India Ltd.,Industrials,Marine Shipping,NSE
SCI.NS,The Shipping Corporation of India Limited,Industrials,Marine Shipping,NSE
SEAMECLTD.NS,Seamec Limited,Industrials,Marine Shipping,NSE
SHREEJISPG.NS,Shreeji Shipping Global Ltd.,Industrials,Marine Shipping,NSE
TRANSWORLD.NS,Transworld Shipping Lines Ltd.,Industrials,Marine Shipping,NSE
MONOPHARMA.NS,Mono Pharmacare Limited,Industrials,Medical - Distribution,NSE
QMSMEDI.NS,QMS Medical Allied Services Ltd.,Industrials,Medical - Distribution,NSE
CONCOR.NS,Container Corporation of India Limited,Industrials,Railroads,NSE
IRCTC.NS,Indian Railway Catering & Tourism Corporation Limited,Industrials,Railroads,NSE
JWL.NS,Jupiter Wagons Limited,Industrials,Railroads,NSE
QUADFUTURE.NS,Quadrant Future Tek Ltd.,Industrials,Railroads,NSE
TITAGARH.NS,Titagarh Rail Systems Limited,Industrials,Railroads,NSE
AWFIS.NS,Awfis Space Solutions Ltd.,Industrials,Rental & Leasing Services,NSE
CROWN.NS,Crown Lifters Limited,Industrials,Rental & Leasing Services,NSE
ECOSMOBLTY.NS,Ecos (India) Mobility & Hospitality Ltd.,Industrials,Rental & Leasing Services,NSE
SANGHVIMOV.NS,Sanghvi Movers Limited,Industrials,Rental & Leasing Services,NSE
TREL.NS,Transindia Real Estate Limited,Industrials,Rental & Leasing Services,NSE
MALLCOM.NS,Mallcom (India) Limited,Industrials,Security & Protection Services,NSE
SIS.NS,SIS Limited,Industrials,Security & Protection Services,NSE
ALLDIGI.NS,Alldigi Tech Ltd.,Industrials,Specialty Business Services,NSE
ARIHANTACA.NS,Arihant Academy Ltd.,Industrials,Specialty Business Services,NSE
BLSE.NS,BLS E-Services Limited,Industrials,Specialty Business Services,NSE
BLS.NS,BLS International Services Limited,Industrials,Specialty Business Services,NSE
BLUEPEBBLE.NS,Blue Pebble Ltd.,Industrials,Specialty Business Services,NSE
BLUSPRING.NS,Bluspring Enterprises Ltd.,Industrials,Specialty Business Services,NSE
CGRAPHICS.NS,Creative Graphics Solutions India Ltd.,Industrials,Specialty Business Services,NSE
CMSINFO.NS,CMS Info Systems Limited,Industrials,Specialty Business Services,NSE
DJML.NS,DJ Mediaprint & Logistics Limited,Industrials,Specialty Business Services,NSE
DUGLOBAL.NS,Dudigital Global Ltd.,Industrials,Specialty Business Services,NSE
EFACTOR.NS,E Factor Experiences Ltd.,Industrials,Specialty Business Services,NSE
GKWLIMITED.NS,GKW Limited,Industrials,Specialty Business Services,NSE
HGS.NS,Hinduja Global Solutions Limited,Industrials,Specialty Business Services,NSE
HRHNEXT.NS,HRH Next Services Ltd.,Industrials,Specialty Business Services,NSE
INFOLLION.NS,Infollion Research Services Ltd.,Industrials,Specialty Business Services,NSE
KANDARP.NS,Kandarp Digi Smart BPO Ltd.,Industrials,Specialty Business Services,NSE
KAPSTON.NS,Kapston Services Limited,Industrials,Specialty Business Services,NSE
KHFM.NS,KHFM Hospitality & Facility Management Services Ltd.,Industrials,Specialty Business Services,NSE
ONEPOINT.NS,One Point One Solutions Limited,Industrials,Specialty Business Services,NSE
PDSL.NS,PDS Limited,Industrials,Specialty Business Services,NSE
PLADAINFO.NS,Plada Infotech Services Ltd.,Industrials,Specialty Business Services,NSE
RADIANTCMS.NS,Radiant Cash Management Services Limited,Industrials,Specialty Business Services,NSE
REPRO.NS,Repro India Limited,Industrials,Specialty Business Services,NSE
RUCHINFRA.NS,Ruchi Infrastructure Limited,Industrials,Specialty Business Services,NSE
SERVICE.NS,Service Care Ltd.,Industrials,Specialty Business Services,NSE
UDS.NS,Updater Services Limited,Industrials,Specialty Business Services,NSE
VERTEXPLUS.NS,Vertexplus Technologies Ltd.,Industrials,Specialty Business Services,NSE
VINSYS.NS,Vinsys IT Services India Ltd.,Industrials,Specialty Business Services,NSE
WINNY.NS,Winny Immigration & Education Services Ltd.,Industrials,Specialty Business Services,NSE
AARVI.NS,Aarvi Encon Limited,Industrials,Staffing & Employment Services,NSE
ACEINTEG.NS,Ace Integrated Solutions Limited,Industrials,Staffing & Employment Services,NSE
AISL.NS,ANI Integrated Services Ltd.,Industrials,Staffing & Employment Services,NSE
IPSL.NS,Integrated Personnel Services Ltd.,Industrials,Staffing & Employment Services,NSE
QUESS.NS,Quess Corp Limited,Industrials,Staffing & Employment Services,NSE
SPECTSTM.NS,Spectrum Talent Management Ltd.,Industrials,Staffing & Employment Services,NSE
TEAMLEASE.NS,TeamLease Services Limited,Industrials,Staffing & Employment Services,NSE
COMMITTED.NS,Committed Cargo Care Ltd.,Industrials,Trucking,NSE
GICL.NS,Globe International Carriers Ltd.,Industrials,Trucking,NSE
NECCLTD.NS,North Eastern Carrying Corporation Limited,Industrials,Trucking,NSE
OBCL.NS,Orissa Bengal Carrier Limited,Industrials,Trucking,NSE
PRLIND.NS,Premier Roadlines Ltd.,Industrials,Trucking,NSE
SVLL.NS,Shree Vasu Logistics Limited,Industrials,Trucking,NSE
URBAN.NS,Urban Enviro Waste Management Ltd.,Industrials,Trucking,NSE
VRLLOG.NS,VRL Logistics Limited,Industrials,Trucking,NSE
AWHCL.NS,Antony Waste Handling Cell Limited,Industrials,Waste Management,NSE
NRL.NS,Nupur Recyclers Limited,Industrials,Waste Management,NSE
RACE.NS,Race Eco Chain Limited,Industrials,Waste Management,NSE
WABAG.NS,VA Tech Wabag Limited,Industrials,Waste Management,NSE
EFFWA.NS,Effwa Infra & Research Ltd.,null,null,NSE
FELIX.NS,Felix Industries Ltd.,null,null,NSE
HIGREEN.NS,Hi-Green Carbon Ltd.,null,null,NSE
AGIIL.NS,Agi Infra Ltd.,Real Estate,Real Estate - Development,NSE
AJMERA.NS,Ajmera Realty & Infra India Limited,Real Estate,Real Estate - Development,NSE
ALEMBICLTD.NS,Alembic Limited,Real Estate,Real Estate - Development,NSE
AMJLAND.NS,AMJ Land Holdings Limited,Real Estate,Real Estate - Development,NSE
ANANTRAJ.NS,Anant Raj Limited,Real Estate,Real Estate - Development,NSE
ANSALAPI.NS,Ansal Properties & Infrastructure Limited,Real Estate,Real Estate - Development,NSE
ARIHANTSUP.NS,Arihant Superstructures Limited,Real Estate,Real Estate - Development,NSE
ARKADE.NS,Arkade Developers Ltd.,Real Estate,Real Estate - Development,NSE
ARTNIRMAN.NS,Art Nirman Limited,Real Estate,Real Estate - Development,NSE
ARVSMART.NS,Arvind SmartSpaces Limited,Real Estate,Real Estate - Development,NSE
ASHIANA.NS,Ashiana Housing Limited,Real Estate,Real Estate - Development,NSE
BRIGADE.NS,Brigade Enterprises Limited,Real Estate,Real Estate - Development,NSE
COUNCODOS.NS,Country Condo's Limited,Real Estate,Real Estate - Development,NSE
DBREALTY.NS,Valor Estate Limited,Real Estate,Real Estate - Development,NSE
DHARAN.NS,Dharan Infra-EPC Limited,Real Estate,Real Estate - Development,NSE
DLF.NS,DLF Limited,Real Estate,Real Estate - Development,NSE
EMAMIREAL.NS,Emami Realty Limited,Real Estate,Real Estate - Development,NSE
GANESHHOU.NS,Ganesh Housing Limited,Real Estate,Real Estate - Development,NSE
GEECEE.NS,GeeCee Ventures Limited,Real Estate,Real Estate - Development,NSE
GODREJPROP.NS,Godrej Properties Limited,Real Estate,Real Estate - Development,NSE
HUBTOWN.NS,Hubtown Limited,Real Estate,Real Estate - Development,NSE
IBULLSLTD.NS,Indiabulls Ltd.,Real Estate,Real Estate - Development,NSE
KALPATARU.NS,Kalpataru Ltd.,Real Estate,Real Estate - Development,NSE
KOLTEPATIL.NS,Kolte-Patil Developers Limited,Real Estate,Real Estate - Development,NSE
KONTOR.NS,Kontor Space Ltd.,Real Estate,Real Estate - Development,NSE
LANCORHOL.NS,Lancor Holdings Limited,Real Estate,Real Estate - Development,NSE
LODHA.NS,Lodha Developers Ltd.,Real Estate,Real Estate - Development,NSE
MAHLIFE.NS,Mahindra Lifespace Developers Limited,Real Estate,Real Estate - Development,NSE
MARATHON.NS,Marathon Nextgen Realty Limited,Real Estate,Real Estate - Development,NSE
MAXESTATES.NS,Max Estates Limited,Real Estate,Real Estate - Development,NSE
NILAINFRA.NS,Nila Infrastructures Limited,Real Estate,Real Estate - Development,NSE
NILASPACES.NS,Nila Spaces Limited,Real Estate,Real Estate - Development,NSE
OBEROIRLTY.NS,Oberoi Realty Limited,Real Estate,Real Estate - Development,NSE
OMAXE.NS,Omaxe Limited,Real Estate,Real Estate - Development,NSE
OSWALAGRO.NS,Oswal Agro Mills Limited,Real Estate,Real Estate - Development,NSE
PANSARI.NS,Pansari Developers Limited,Real Estate,Real Estate - Development,NSE
PARSVNATH.NS,Parsvnath Developers Limited,Real Estate,Real Estate - Development,NSE
PENINLAND.NS,Peninsula Land Limited,Real Estate,Real Estate - Development,NSE
PRAENG.NS,Prajay Engineers Syndicate Limited,Real Estate,Real Estate - Development,NSE
PURVA.NS,Puravankara Limited,Real Estate,Real Estate - Development,NSE
RUSTOMJEE.NS,Keystone Realtors Limited,Real Estate,Real Estate - Development,NSE
RVHL.NS,Ravinder Heights Limited,Real Estate,Real Estate - Development,NSE
SBGLP.NS,Suratwwala Business Group Limited,Real Estate,Real Estate - Development,NSE
SHRIRAMPPS.NS,Shriram Properties Limited,Real Estate,Real Estate - Development,NSE
SIGNATURE.NS,Signatureglobal (India) Limited,Real Estate,Real Estate - Development,NSE
SOBHA.NS,Sobha Limited,Real Estate,Real Estate - Development,NSE
SUMIT.NS,Sumit Woods Limited,Real Estate,Real Estate - Development,NSE
SUNTECK.NS,Sunteck Realty Limited,Real Estate,Real Estate - Development,NSE
SUPREME.NS,Supreme Holdings & Hospitality (India) Ltd,Real Estate,Real Estate - Development,NSE
SURAJEST.NS,Suraj Estate Developers L,Real Estate,Real Estate - Development,NSE
TARC.NS,TARC Limited,Real Estate,Real Estate - Development,NSE
UMIYA-MRO.NS,Umiya Buildcon Ltd.,Real Estate,Real Estate - Development,NSE
VR.NS,V R Infraspace Ltd.,Real Estate,Real Estate - Development,NSE
EMBDL.NS,Embassy Developments Ltd.,Real Estate,Real Estate - Diversified,NSE
HDIL.NS,Housing Development and Infrastructure Limited,Real Estate,Real Estate - Diversified,NSE
HEMIPROP.NS,Hemisphere Properties India Limited,Real Estate,Real Estate - Diversified,NSE
PHOENIXLTD.NS,The Phoenix Mills Limited,Real Estate,Real Estate - Diversified,NSE
PRESTIGE.NS,Prestige Estates Projects Limited,Real Estate,Real Estate - Diversified,NSE
PROZONER.NS,Prozone Realty Ltd.,Real Estate,Real Estate - Diversified,NSE
UNITECH.NS,Unitech Limited,Real Estate,Real Estate - Diversified,NSE
VIPULLTD.NS,Vipul Limited,Real Estate,Real Estate - Diversified,NSE
3PLAND.NS,3P Land Holdings Limited,Real Estate,Real Estate - Services,NSE
CINELINE.NS,Cineline India Limited,Real Estate,Real Estate - Services,NSE
CORALFINAC.NS,Coral India Finance and Housing Limited,Real Estate,Real Estate - Services,NSE
EFCIL.NS,EFC (I) Ltd.,Real Estate,Real Estate - Services,NSE
ELDEHSG.NS,Eldeco Housing and Industries Limited,Real Estate,Real Estate - Services,NSE
FMNL.NS,Future Market Networks Limited,Real Estate,Real Estate - Services,NSE
ICDSLTD.NS,ICDS Limited,Real Estate,Real Estate - Services,NSE
INDIQUBE.NS,Indiqube Spaces Ltd.,Real Estate,Real Estate - Services,NSE
LPDC.NS,Landmark Property Development Company Limited,Real Estate,Real Estate - Services,NSE
MODIRUBBER.NS,Modi Rubber Limited,Real Estate,Real Estate - Services,NSE
PTL.NS,PTL Enterprises Limited,Real Estate,Real Estate - Services,NSE
SCILAL.NS,Shipping Corporation of India Land and Assets Limited,Real Estate,Real Estate - Services,NSE
SHRADHA.NS,Shradha Infraprojects Limited,Real Estate,Real Estate - Services,NSE
SMARTWORKS.NS,Smartworks Coworking Spaces Ltd.,Real Estate,Real Estate - Services,NSE
TEXINFRA.NS,Texmaco Infrastructure & Holdings Limited,Real Estate,Real Estate - Services,NSE
AKSHOPTFBR.NS,Aksh Optifibre Limited,Technology,Communication Equipment,NSE
ASTRAMICRO.NS,Astra Microwave Products Limited,Technology,Communication Equipment,NSE
AVANTEL.NS,Avantel Ltd,Technology,Communication Equipment,NSE
BIRLACABLE.NS,Birla Cable Limited,Technology,Communication Equipment,NSE
CPPLUS.NS,Aditya Infotech Limited,Technology,Communication Equipment,NSE
DLINKINDIA.NS,D-Link (India) Limited,Technology,Communication Equipment,NSE
FROG.NS,Frog Innovations Ltd.,Technology,Communication Equipment,NSE
GTLINFRA.NS,GTL Infrastructure Limited,Technology,Communication Equipment,NSE
HFCL.NS,HFCL Limited,Technology,Communication Equipment,NSE
ITI.NS,ITI Limited,Technology,Communication Equipment,NSE
KAVDEFENCE.NS,Kavveri Dfs & Wir Tec Ltd.,Technology,Communication Equipment,NSE
NELCO.NS,Nelco Limited,Technology,Communication Equipment,NSE
PANACHE.NS,Panache Digilife Limited,Technology,Communication Equipment,NSE
PARACABLES.NS,Paramount Communications Limited,Technology,Communication Equipment,NSE
SHYAMTEL.NS,Shyam Telecom Limited,Technology,Communication Equipment,NSE
SMARTLINK.NS,Smartlink Holdings Limited,Technology,Communication Equipment,NSE
STLTECH.NS,Sterlite Technologies Limited,Technology,Communication Equipment,NSE
TEJASNET.NS,Tejas Networks Limited,Technology,Communication Equipment,NSE
TNTELE.NS,Tamilnadu Telecommunications Limited,Technology,Communication Equipment,NSE
CEREBRAINT.NS,Cerebra Integrated Technologies Limited,Technology,Computer Hardware,NSE
EBGNG.NS,GNG Electronics Ltd.,Technology,Computer Hardware,NSE
IDEAFORGE.NS,ideaForge Technology Limited,Technology,Computer Hardware,NSE
NETWEB.NS,Netweb Technologies India Limited,Technology,Computer Hardware,NSE
TVSELECT.NS,TVS Electronics Limited,Technology,Computer Hardware,NSE
BPL.NS,BPL Limited,Technology,Consumer Electronics,NSE
DIXON.NS,Dixon Technologies (India) Limited,Technology,Consumer Electronics,NSE
HOLMARC.NS,Holmarc Opto-Mechatronics Ltd.,Technology,Consumer Electronics,NSE
SHIGAN.NS,Shigan Quantum Technologies Ltd.,Technology,Consumer Electronics,NSE
NAZARA.NS,Nazara Technologies Limited,Technology,Electronic Gaming & Multimedia,NSE
AIMTRON.NS,Aimtron Electronics Ltd.,Technology,"Hardware, Equipment & Parts",NSE
AVALON.NS,Avalon Technologies Limited,Technology,"Hardware, Equipment & Parts",NSE
CENTUM.NS,Centum Electronics Limited,Technology,"Hardware, Equipment & Parts",NSE
CYIENTDLM.NS,Cyient DLM Limited,Technology,"Hardware, Equipment & Parts",NSE
IKIO.NS,IKIO Technologies Ltd,Technology,"Hardware, Equipment & Parts",NSE
KRN.NS,KRN Heat Exchanger & Refrigeration Ltd.,Technology,"Hardware, Equipment & Parts",NSE
MICEL.NS,MIC Electronics Limited,Technology,"Hardware, Equipment & Parts",NSE
NITIRAJ.NS,Nitiraj Engineers Limited,Technology,"Hardware, Equipment & Parts",NSE
PGEL.NS,PG Electroplast Limited,Technology,"Hardware, Equipment & Parts",NSE
POWERINDIA.NS,Hitachi Energy India Limited,Technology,"Hardware, Equipment & Parts",NSE
RISHABH.NS,Rishabh Instruments Limited,Technology,"Hardware, Equipment & Parts",NSE
SYRMA.NS,Syrma SGS Technology Limited,Technology,"Hardware, Equipment & Parts",NSE
VILAS.NS,Vilas Transcore Ltd.,Technology,"Hardware, Equipment & Parts",NSE
VINYAS.NS,Vinyas Innovative Technologies Ltd.,Technology,"Hardware, Equipment & Parts",NSE
3IINFOLTD.NS,3i Infotech Limited,Technology,Information Technology Services,NSE
AAATECH.NS,AAA Technologies Limited,Technology,Information Technology Services,NSE
ACCELYA.NS,Accelya Solutions India Limited,Technology,Information Technology Services,NSE
ADROITINFO.NS,Adroit Infotech Limited,Technology,Information Technology Services,NSE
ADSL.NS,Allied Digital Services Limited,Technology,Information Technology Services,NSE
AIRAN.NS,Airan Limited,Technology,Information Technology Services,NSE
ALANKIT.NS,Alankit Limited,Technology,Information Technology Services,NSE
ASMS.NS,Bartronics India Ltd.,Technology,Information Technology Services,NSE
AURUM.NS,Aurum PropTech Limited,Technology,Information Technology Services,NSE
BSOFT.NS,Birlasoft Limited,Technology,Information Technology Services,NSE
CAMS.NS,Computer Age Management Services Limited,Technology,Information Technology Services,NSE
CANARYS.NS,Canarys Automations Ltd.,Technology,Information Technology Services,NSE
COFORGE.NS,Coforge Limited,Technology,Information Technology Services,NSE
CTE.NS,Cambridge Technology Enterprises Limited,Technology,Information Technology Services,NSE
CYBERTECH.NS,CyberTech Systems and Software Limited,Technology,Information Technology Services,NSE
DATAMATICS.NS,Datamatics Global Services Limited,Technology,Information Technology Services,NSE
DELAPLEX.NS,Delaplex Ltd.,Technology,Information Technology Services,NSE
DEVIT.NS,Dev Information Technology Limited,Technology,Information Technology Services,NSE
DIGISPICE.NS,DiGiSPICE Technologies Limited,Technology,Information Technology Services,NSE
DRCSYSTEMS.NS,DRC Systems India Limited,Technology,Information Technology Services,NSE
DSSL.NS,Dynacons Systems & Solutions Limited,Technology,Information Technology Services,NSE
DTL.NS,Diensten Tech Ltd.,Technology,Information Technology Services,NSE
ECLERX.NS,eClerx Services Limited,Technology,Information Technology Services,NSE
ENFUSE.NS,Enfuse Solutions Ltd.,Technology,Information Technology Services,NSE
ESCONET.NS,Esconet Technologies Ltd.,Technology,Information Technology Services,NSE
FCSSOFT.NS,FCS Software Solutions Limited,Technology,Information Technology Services,NSE
FIDEL.NS,Fidel Softech Ltd.,Technology,Information Technology Services,NSE
FSL.NS,Firstsource Solutions Limited,Technology,Information Technology Services,NSE
GOLDTECH.NS,AION-TECH Solutions Limited,Technology,Information Technology Services,NSE
GSS.NS,GSS Infotech Limited,Technology,Information Technology Services,NSE
GVPTECH.NS,GVP Infotech Ltd.,Technology,Information Technology Services,NSE
HAPPSTMNDS.NS,Happiest Minds Technologies Limited,Technology,Information Technology Services,NSE
HCLTECH.NS,HCL Technologies Limited,Technology,Information Technology Services,NSE
HEXT.NS,Hexaware Technologies Ltd,Technology,Information Technology Services,NSE
HGM.NS,Handson Global Management (HGM) Limited,Technology,Information Technology Services,NSE
INFY.NS,Infosys Limited,Technology,Information Technology Services,NSE
INSPIRISYS.NS,Inspirisys Solutions Limited,Technology,Information Technology Services,NSE
KPITTECH.NS,KPIT Technologies Limited,Technology,Information Technology Services,NSE
LTM.NS,LTM Limited,Technology,Information Technology Services,NSE
LTTS.NS,L&T Technology Services Limited,Technology,Information Technology Services,NSE
MASTEK.NS,Mastek Limited,Technology,Information Technology Services,NSE
MCLOUD.NS,Magellanic Cloud Ltd.,Technology,Information Technology Services,NSE
MINDTECK.NS,Mindteck (India) Limited,Technology,Information Technology Services,NSE
MPHASIS.NS,Mphasis Limited,Technology,Information Technology Services,NSE
NINSYS.NS,NINtec Systems Ltd,Technology,Information Technology Services,NSE
ONWARDTEC.NS,Onward Technologies Limited,Technology,Information Technology Services,NSE
ORCHASP.NS,Orchasp Ltd.,Technology,Information Technology Services,NSE
ORIENTTECH.NS,Orient Technologies Ltd.,Technology,Information Technology Services,NSE
PALREDTEC.NS,Palred Technologies Limited,Technology,Information Technology Services,NSE
PERSISTENT.NS,Persistent Systems Limited,Technology,Information Technology Services,NSE
PROTEAN.NS,Protean eGov Technologies Ltd.,Technology,Information Technology Services,NSE
QUICKTOUCH.NS,Quicktouch Technologies Ltd.,Technology,Information Technology Services,NSE
QUINTEGRA.NS,Quintegra Solutions Ltd.,Technology,Information Technology Services,NSE
REDINGTON.NS,Redington Limited,Technology,Information Technology Services,NSE
ROXHITECH.NS,ROX Hi-Tech Ltd.,Technology,Information Technology Services,NSE
RPSGVENT.NS,RPSG Ventures Limited,Technology,Information Technology Services,NSE
RSSOFTWARE.NS,R S Software (India) Limited,Technology,Information Technology Services,NSE
RSYSTEMS.NS,R Systems International Limited,Technology,Information Technology Services,NSE
SAKSOFT.NS,Saksoft Limited,Technology,Information Technology Services,NSE
SASKEN.NS,Sasken Technologies Limited,Technology,Information Technology Services,NSE
SIGMA.NS,Sigma Solve Limited,Technology,Information Technology Services,NSE
SILVERTUC.NS,Silver Touch Technologies Limited,Technology,Information Technology Services,NSE
SONATSOFTW.NS,Sonata Software Limited,Technology,Information Technology Services,NSE
SUVIDHAA.NS,Suvidhaa Infoserve Limited,Technology,Information Technology Services,NSE
SYNOPTICS.NS,Synoptics Technologies Ltd.,Technology,Information Technology Services,NSE
TATATECH.NS,Tata Technologies Limited,Technology,Information Technology Services,NSE
TCS.NS,Tata Consultancy Services Limited,Technology,Information Technology Services,NSE
TECHM.NS,Tech Mahindra Limited,Technology,Information Technology Services,NSE
TERASOFT.NS,Tera Software Limited,Technology,Information Technology Services,NSE
TRIGYN.NS,Trigyn Technologies Limited,Technology,Information Technology Services,NSE
VAKRANGEE.NS,Vakrangee Limited,Technology,Information Technology Services,NSE
WEWIN.NS,We Win Limited,Technology,Information Technology Services,NSE
WIPRO.NS,Wipro Limited,Technology,Information Technology Services,NSE
XCHANGING.NS,Xchanging Solutions Limited,Technology,Information Technology Services,NSE
XELPMOC.NS,Xelpmoc Design and Tech Limited,Technology,Information Technology Services,NSE
ZENSARTECH.NS,Zensar Technologies Limited,Technology,Information Technology Services,NSE
BASILIC.NS,Basilic Fly Studio Ltd.,Technology,Media & Entertainment,NSE
BAWEJA.NS,Baweja Studios Ltd.,Technology,Media & Entertainment,NSE
DIGIKORE.NS,Digikore Studios Ltd.,Technology,Media & Entertainment,NSE
INSPIRE.NS,Inspire Films Ltd.,Technology,Media & Entertainment,NSE
PHANTOMFX.NS,Phantom Digital Effects Ltd.,Technology,Media & Entertainment,NSE
VELS.NS,VELS Film International Ltd.,Technology,Media & Entertainment,NSE
ALPEXSOLAR.NS,Alpex Solar Ltd.,Technology,Semiconductors,NSE
APS.NS,Australian Premium Solar (India) Ltd.,Technology,Semiconductors,NSE
GGBL.NS,Ganesh Green Bharat Ltd.,Technology,Semiconductors,NSE
INDIFRA.NS,Indifra Ltd.,Technology,Semiconductors,NSE
MOSCHIP.NS,Moschip Technologies Ltd.,Technology,Semiconductors,NSE
SAHAJSOLAR.NS,Sahaj Solar Ltd.,Technology,Semiconductors,NSE
SEL.NS,Sungarner Energies Ltd.,Technology,Semiconductors,NSE
BBOX.NS,Black Box Limited,Technology,Software - Application,NSE
BGLOBAL.NS,Bharatiya Global Infomedia Ltd,Technology,Software - Application,NSE
BLACKBUCK.NS,Blackbuck Ltd.,Technology,Software - Application,NSE
CALSOFT.NS,California Software Company Limited,Technology,Software - Application,NSE
CURAA.NS,Cura Technologies Ltd,Technology,Software - Application,NSE
DHTL.NS,Docmode Health Technologies Ltd.,Technology,Software - Application,NSE
EMUDHRA.NS,eMudhra Limited,Technology,Software - Application,NSE
GENESYS.NS,Genesys International Corporation Limited,Technology,Software - Application,NSE
HOMESFY.NS,Homesfy Realty Ltd.,Technology,Software - Application,NSE
INFOBEAN.NS,InfoBeans Technologies Limited,Technology,Software - Application,NSE
INNOVANA.NS,Innovana Thinklabs Ltd.,Technology,Software - Application,NSE
INTELLECT.NS,Intellect Design Arena Limited,Technology,Software - Application,NSE
IRIS.NS,IRIS RegTech Solutions Limited,Technology,Software - Application,NSE
IZMO.NS,IZMO Limited,Technology,Software - Application,NSE
KELLTONTEC.NS,Kellton Tech Solutions Limited,Technology,Software - Application,NSE
KERNEX.NS,Kernex Microsystems (India) Limited,Technology,Software - Application,NSE
KFINTECH.NS,KFin Technologies Limited,Technology,Software - Application,NSE
KODYTECH.NS,Kody Technolab Ltd.,Technology,Software - Application,NSE
KSOLVES.NS,Ksolves India Limited,Technology,Software - Application,NSE
MAPMYINDIA.NS,C. E. Info Systems Limited,Technology,Software - Application,NSE
MICROPRO.NS,Micropro Software Solutions Ltd.,Technology,Software - Application,NSE
MOS.NS,MOS Utility Ltd.,Technology,Software - Application,NSE
NEWGEN.NS,Newgen Software Technologies Limited,Technology,Software - Application,NSE
NPST.NS,Network People Services Technologies Ltd.,Technology,Software - Application,NSE
NUCLEUS.NS,Nucleus Software Exports Limited,Technology,Software - Application,NSE
PROPEQUITY.NS,P. E. Analytics Ltd.,Technology,Software - Application,NSE
QUICKHEAL.NS,Quick Heal Technologies Limited,Technology,Software - Application,NSE
RADIOWALLA.NS,Radiowalla Network Ltd.,Technology,Software - Application,NSE
RAMCOSYS.NS,Ramco Systems Limited,Technology,Software - Application,NSE
RATEGAIN.NS,RateGain Travel Technologies Limited,Technology,Software - Application,NSE
SECURKLOUD.NS,SecureKloud Technologies Limited,Technology,Software - Application,NSE
SOFTTECH.NS,SoftTech Engineers Limited,Technology,Software - Application,NSE
SUBEXLTD.NS,Subex Limited,Technology,Software - Application,NSE
SYSTANGO.NS,Systango Technologies Ltd.,Technology,Software - Application,NSE
TAC.NS,TAC Infosec Ltd.,Technology,Software - Application,NSE
TANLA.NS,Tanla Platforms Limited,Technology,Software - Application,NSE
TATAELXSI.NS,Tata Elxsi Limited,Technology,Software - Application,NSE
TRACXN.NS,Tracxn Technologies Limited,Technology,Software - Application,NSE
TREJHARA.NS,Trejhara Solutions Limited,Technology,Software - Application,NSE
TRIDHYA.NS,Tridhya Tech Ltd.,Technology,Software - Application,NSE
UNIECOM.NS,Unicommerce eSolutions Ltd.,Technology,Software - Application,NSE
VIRINCHI.NS,Virinchi Limited,Technology,Software - Application,NSE
XTGLOBAL.NS,XT Global Infotech Ltd.,Technology,Software - Application,NSE
YUDIZ.NS,Yudiz Solutions Ltd.,Technology,Software - Application,NSE
AURIONPRO.NS,Aurionpro Solutions Limited,Technology,Software - Infrastructure,NSE
E2E.NS,E2E Networks Limited,Technology,Software - Infrastructure,NSE
INFIBEAM.NS,Infibeam Avenues Limited,Technology,Software - Infrastructure,NSE
INTENTECH.NS,Intense Technologies Limited,Technology,Software - Infrastructure,NSE
OFSS.NS,Oracle Financial Services Software Limited,Technology,Software - Infrastructure,NSE
PAYTM.NS,One97 Communications Limited,Technology,Software - Infrastructure,NSE
ZAGGLE.NS,Zaggle Prepaid Ocean Services Limited,Technology,Software - Infrastructure,NSE
63MOONS.NS,63 Moons Technologies Limited,Technology,Software - Services,NSE
CMRSL.NS,Cyber Media Research & Services Ltd.,Technology,Software - Services,NSE
RELTD.NS,Ravindra Energy Ltd,Technology,Solar,NSE
SOLEX.NS,Solex Energy Ltd.,Technology,Solar,NSE
VIKRAMSOLR.NS,Vikram Solar Ltd.,Technology,Solar,NSE
WAAREEINDO.NS,Indosolar Limited,Technology,Solar,NSE
CNL.NS,Creative Newtech Limited,Technology,Technology Distributors,NSE
COMPINFO.NS,Compuage Infocom Limited,Technology,Technology Distributors,NSE
DCI.NS,DC Infotech and Communication Limited,Technology,Technology Distributors,NSE
GSTL.NS,Globesecure Technologies Ltd.,Technology,Technology Distributors,NSE
HCL-INSYS.NS,HCL Infosystems Limited,Technology,Technology Distributors,NSE
KORE.NS,Jay Jalaram Technologies Ltd.,Technology,Technology Distributors,NSE
OPTIEMUS.NS,Optiemus Infracom Limited,Technology,Technology Distributors,NSE
RPTECH.NS,Rashi Peripherals Limited,Technology,Technology Distributors,NSE
SLONE.NS,Slone Infosystems Ltd.,Technology,Technology Distributors,NSE
TECHLABS.NS,Trident Techlabs Ltd.,Technology,Technology Distributors,NSE
ADANIENSOL.NS,Adani Energy Solutions Limited,Utilities,Independent Power Producers,NSE
ADANIPOWER.NS,Adani Power Limited,Utilities,Independent Power Producers,NSE
GREENPOWER.NS,Orient Green Power Company Limited,Utilities,Independent Power Producers,NSE
GVKPIL.NS,GVK Power & Infrastructure Limited,Utilities,Independent Power Producers,NSE
JPPOWER.NS,Jaiprakash Power Ventures Limited,Utilities,Independent Power Producers,NSE
JSWENERGY.NS,JSW Energy Limited,Utilities,Independent Power Producers,NSE
PTC.NS,PTC India Limited,Utilities,Independent Power Producers,NSE
RPOWER.NS,Reliance Power Limited,Utilities,Independent Power Producers,NSE
SURANAT&P.NS,Surana Telecom and Power Limited,Utilities,Independent Power Producers,NSE
TATAPOWER.NS,The Tata Power Company Limited,Utilities,Independent Power Producers,NSE
TORNTPOWER.NS,Torrent Power Limited,Utilities,Independent Power Producers,NSE
AGNI.NS,Agni Green Power Ltd.,Utilities,Regulated Electric,NSE
BAJEL.NS,Bajel Projects Limited,Utilities,Regulated Electric,NSE
CESC.NS,CESC Limited,Utilities,Regulated Electric,NSE
DPSCLTD.NS,India Power Corporation Limited,Utilities,Regulated Electric,NSE
ENERGYDEV.NS,Energy Development Company Limited,Utilities,Regulated Electric,NSE
GIPCL.NS,Gujarat Industries Power Company Limited,Utilities,Regulated Electric,NSE
NLCINDIA.NS,NLC India Limited,Utilities,Regulated Electric,NSE
NTPC.NS,NTPC Limited,Utilities,Regulated Electric,NSE
PGINVIT-IV.NS,Powergrid Infrastructure Investment Trust,Utilities,Regulated Electric,NSE
PGINVIT.NS,Powergrid Infrastructure Invesment Trust,Utilities,Regulated Electric,NSE
POWERGRID.NS,Power Grid Corporation of India Limited,Utilities,Regulated Electric,NSE
ATGL.NS,Adani Total Gas Limited,Utilities,Regulated Gas,NSE
GAIL.NS,GAIL (India) Limited,Utilities,Regulated Gas,NSE
GUJGASLTD.NS,Gujarat Gas Limited,Utilities,Regulated Gas,NSE
IGL.NS,Indraprastha Gas Limited,Utilities,Regulated Gas,NSE
IRMENERGY.NS,IRM Energy Limited,Utilities,Regulated Gas,NSE
MGL.NS,Mahanagar Gas Limited,Utilities,Regulated Gas,NSE
CEWATER.NS,Concord Enviro Systems Ltd.,Utilities,Regulated Water,NSE
ACMESOLAR.NS,ACME Solar Holdings Limited,Utilities,Renewable Utilities,NSE
ADANIGREEN.NS,Adani Green Energy Limited,Utilities,Renewable Utilities,NSE
BFUTILITIE.NS,BF Utilities Limited,Utilities,Renewable Utilities,NSE
ENRIN.NS,Siemens Energy India Ltd.,Utilities,Renewable Utilities,NSE
INDOWIND.NS,Indowind Energy Limited,Utilities,Renewable Utilities,NSE
INOXGREEN.NS,Inox Green Energy Services Limited,Utilities,Renewable Utilities,NSE
INOXWIND.NS,Inox Wind Limited,Utilities,Renewable Utilities,NSE
KARMAENG.NS,Karma Energy Limited,Utilities,Renewable Utilities,NSE
KPIGREEN.NS,KPI Green Energy Limited,Utilities,Renewable Utilities,NSE
NHPC.NS,NHPC Limited,Utilities,Renewable Utilities,NSE
NTPCGREEN.NS,NTPC Green Energy Ltd.,Utilities,Renewable Utilities,NSE
RTNPOWER.NS,RattanIndia Power Limited,Utilities,Renewable Utilities,NSE
SJVN.NS,SJVN Limited,Utilities,Renewable Utilities,NSE
SUZLON.NS,Suzlon Energy Limited,Utilities,Renewable Utilities,NSE
WAAREERTL.NS,Waaree Renewable Technologies Ltd.,Utilities,Renewable Utilities,NSE
